name,release_date,post_id,title,subreddit,url
The Last of Us,2023-01-15,10d1yam,The Last of Us - Series Premiere Discussion,television,https://www.reddit.com/r/television/comments/10d1yam/the_last_of_us_series_premiere_discussion/
The Last of Us,2023-01-15,10j0rio,"The Last of Us - 1x02 ""Infected"" - Episode Discussion",television,https://www.reddit.com/r/television/comments/10j0rio/the_last_of_us_1x02_infected_episode_discussion/
The Last of Us,2023-01-15,10eyqi8,The Last of Us Question,television,https://www.reddit.com/r/television/comments/10eyqi8/the_last_of_us_question/
The Last of Us,2023-01-15,10dbiho,"If you want to discuss The Last of Us without being spoiled by the video game, I created a subreddit for just that.",television,https://www.reddit.com/r/television/comments/10dbiho/if_you_want_to_discuss_the_last_of_us_without/
The Rookie,2018-10-16,9ootbt,The Rookie - Series Premiere Discussion,television,https://www.reddit.com/r/television/comments/9ootbt/the_rookie_series_premiere_discussion/
The Flash,2014-10-07,2ilqwv,The Flash - Series Premiere Discussion Thread [SPOILERS],television,https://www.reddit.com/r/television/comments/2ilqwv/the_flash_series_premiere_discussion_thread/
Game of Thrones,2011-04-17,gsfhu,Discuss: Game of Thrones - Winter Is Coming,television,https://www.reddit.com/r/television/comments/gsfhu/discuss_game_of_thrones_winter_is_coming/
The Blacklist,2013-09-23,1n5fpt,"[The Blacklist] Series Premiere - S01E01 - ""Pilot"" - Discussion Thread (SPOILERS)",television,http://www.reddit.com/r/TheBlackList/comments/1mzx9j/episode_discussion_s01e01_pilot/
The Blacklist,2013-09-23,1mzdeu,"The Blacklist premieres tonight, please be sure to join us on the shows subreddit to discuss the episode",television,http://www.reddit.com/r/TheBlackList/
The Blacklist,2013-09-23,1njfzi,"[The Blacklist] S01E02 - ""The Freelancer"" - Discussion Thread (SPOILERS)",television,http://www.reddit.com/r/TheBlackList/comments/1ngxn1/episode_discussion_s01e02_the_freelancer/
You,2018-09-09,9ei6v5,You - Series Premiere Discussion,television,https://www.reddit.com/r/television/comments/9ei6v5/you_series_premiere_discussion/
You,2018-09-09,9dcxd9,"[Discussion] Why does it seem like couples never say ""I love you"" in TV shows?",television,https://www.reddit.com/r/television/comments/9dcxd9/discussion_why_does_it_seem_like_couples_never/
Andor,2022-09-21,xjxlsk,Andor - Series Premiere Discussion,television,https://www.reddit.com/r/television/comments/xjxlsk/andor_series_premiere_discussion/
This Is Us,2016-09-20,53qn8t,This Is Us - Series Premiere Discussion,television,https://www.reddit.com/r/television/comments/53qn8t/this_is_us_series_premiere_discussion/
Yellowstone,2018-06-20,8smsa0,Yellowstone - Series Premiere Discussion,television,https://www.reddit.com/r/television/comments/8smsa0/yellowstone_series_premiere_discussion/
The Handmaid's Tale,2017-04-26,67og96,The Handmaid's Tale - Series Premiere Discussion,television,https://www.reddit.com/r/television/comments/67og96/the_handmaids_tale_series_premiere_discussion/
The Good Doctor,2017-09-25,72h7uq,The Good Doctor - Series Premiere Discussion,television,https://www.reddit.com/r/television/comments/72h7uq/the_good_doctor_series_premiere_discussion/
Lucifer,2016-01-25,42p4mc,Lucifer - Series Premiere Discussion Thread [SPOILERS],television,https://www.reddit.com/r/television/comments/42p4mc/lucifer_series_premiere_discussion_thread_spoilers/
INVINCIBLE,2021-03-25,md9kw2,Invincible - Series Premiere Discussion,television,https://www.reddit.com/r/television/comments/md9kw2/invincible_series_premiere_discussion/
INVINCIBLE,2021-03-25,migts4,"[Episode Discussion] Invincible - S01E04 - Neil Armstrong, Eat Your Heart Out",television,/r/Invincible/comments/mia795/invincible_episode_discussion_s01e04_neil/
Marvel's Agents of S.H.I.E.L.D.,2013-09-24,1n0j55,New trailer for Marvel's Agents of S.H.I.E.L.D.,television,http://www.youtube.com/watch?v=8wcDvNSTBws
Marvel's Agents of S.H.I.E.L.D.,2013-09-24,1n4fe6,The villain from 'Marvel's agents of S.H.I.E.L.D.' shares a name with a real environmental group,television,http://www.vice.com/read/marvels-agents-of-shield-named-its-villains-after-a-real-environmental-group
Young Sheldon,2017-09-25,72gp4u,Young Sheldon - Series Premiere Discussion,television,https://www.reddit.com/r/television/comments/72gp4u/young_sheldon_series_premiere_discussion/
Young Sheldon,2017-09-25,73gyxn,'Young Sheldon' becomes most watched premiere this decade in DVR (Not even counting L7). HUGE considering the decline of broadcast TV over the years.,television,http://deadline.com/2017/09/the-good-doctor-premiere-live3-ratings-young-sheldon-big-bang-theory-the-brave-1202179902/
Young Sheldon,2017-09-25,74f4mw,‘Young Sheldon’: Who hath wrought this fresh hell?,television,http://www.campustimes.org/2017/10/02/young-sheldon-hath-wrought-fresh-hell/
Young Sheldon,2017-09-25,70thc1,Young Sheldon Official Trailer,television,https://www.youtube.com/watch?v=KhxKEg-IBBo
Young Sheldon,2017-09-25,72l2d9,"TV Ratings Monday: ‘Young Sheldon’ and ‘The Good Doctor’ start strong, ‘The Voice’ has lowest premiere",television,http://tvbythenumbers.zap2it.com/daily-ratings/tv-ratings-monday-sept-25-2017/
Young Sheldon,2017-09-25,72kyc6,young Sheldon,television,https://www.reddit.com/r/television/comments/72kyc6/young_sheldon/
Chicago Fire,2012-10-10,11atui,Thoughts on Chicago Fire?,television,https://www.reddit.com/r/television/comments/11atui/thoughts_on_chicago_fire/
Young Sheldon,2017-09-25,72gp4u,Young Sheldon - Series Premiere Discussion,television,https://www.reddit.com/r/television/comments/72gp4u/young_sheldon_series_premiere_discussion/
Young Sheldon,2017-09-25,73gyxn,'Young Sheldon' becomes most watched premiere this decade in DVR (Not even counting L7). HUGE considering the decline of broadcast TV over the years.,television,http://deadline.com/2017/09/the-good-doctor-premiere-live3-ratings-young-sheldon-big-bang-theory-the-brave-1202179902/
Young Sheldon,2017-09-25,74f4mw,‘Young Sheldon’: Who hath wrought this fresh hell?,television,http://www.campustimes.org/2017/10/02/young-sheldon-hath-wrought-fresh-hell/
Young Sheldon,2017-09-25,70thc1,Young Sheldon Official Trailer,television,https://www.youtube.com/watch?v=KhxKEg-IBBo
Young Sheldon,2017-09-25,72l2d9,"TV Ratings Monday: ‘Young Sheldon’ and ‘The Good Doctor’ start strong, ‘The Voice’ has lowest premiere",television,http://tvbythenumbers.zap2it.com/daily-ratings/tv-ratings-monday-sept-25-2017/
Young Sheldon,2017-09-25,72kyc6,young Sheldon,television,https://www.reddit.com/r/television/comments/72kyc6/young_sheldon/
Brooklyn Nine-Nine,2013-09-17,1mm4nq,"Brooklyn Nine-Nine premiered tonight on Fox, please join us at /r/BrooklynNineNine",television,http://www.reddit.com/r/brooklynninenine/
The White Lotus,2021-07-11,oiey3b,The White Lotus - Series Premiere Discussion,television,https://www.reddit.com/r/television/comments/oiey3b/the_white_lotus_series_premiere_discussion/
The White Lotus,2021-07-11,oiey3b,The White Lotus - Series Premiere Discussion,television,https://www.reddit.com/r/television/comments/oiey3b/the_white_lotus_series_premiere_discussion/
The Resident,2018-01-21,7s2tx9,The Resident - Series Premiere Discussion,television,https://www.reddit.com/r/television/comments/7s2tx9/the_resident_series_premiere_discussion/
Reacher,2022-02-03,skdg5e,Reacher - Series Premiere Discussion,television,https://www.reddit.com/r/television/comments/skdg5e/reacher_series_premiere_discussion/
Reacher,2022-02-03,so54ou,"Inside of You with Michael Rosenbaum: 'Reacher' star Alan Ritchson discusses his bipolar diagnosis and how it affects his work, his suicide attempt, and how pain meds affected his health while filming",television,https://youtu.be/s_ePmDsZp8g
The Boys,2019-07-25,cgj6lm,The Boys - Series Premiere Discussion,television,https://www.reddit.com/r/television/comments/cgj6lm/the_boys_series_premiere_discussion/
Cobra Kai,2018-05-02,8hbnx3,Holy shit! Cobra Kai has no right in being so great! So far one of the greatest shows of the year for me.,television,https://www.reddit.com/r/television/comments/8hbnx3/holy_shit_cobra_kai_has_no_right_in_being_so/
Cobra Kai,2018-05-02,8igg6b,'Cobra Kai' Renewed for Season 2 at YouTube,television,https://www.hollywoodreporter.com/live-feed/karate-kid-sequel-cobra-kai-renewed-season-2-at-youtube-1110673
Cobra Kai,2018-05-02,8gj01p,Cobra Kai Ep 1 - “Ace Degenerate” - The Karate Kid Saga Continues,television,https://www.youtube.com/watch?v=_rB36UGoP4Y
Cobra Kai,2018-05-02,8gt279,YouTube Reports 5.4 Million First-Day Views for First Episode of ‘Cobra Kai’,television,https://decider.com/2018/05/03/cobra-kai-5-4-million-views/
Cobra Kai,2018-05-02,8iv9kg,Cobra Kai is the best new show of the year.,television,https://www.reddit.com/r/television/comments/8iv9kg/cobra_kai_is_the_best_new_show_of_the_year/
Cobra Kai,2018-05-02,8er2q5,I Saw Cobra Kai Preview Tonight at Tribeca Film Festival: AMA and Spoilers!,television,https://www.reddit.com/r/television/comments/8er2q5/i_saw_cobra_kai_preview_tonight_at_tribeca_film/
Cobra Kai,2018-05-02,8h7pxd,"Just finished Cobra Kai, anyone else wish YouTube Red will continue to make good content?",television,https://www.reddit.com/r/television/comments/8h7pxd/just_finished_cobra_kai_anyone_else_wish_youtube/
Cobra Kai,2018-05-02,8hr53f,Cobra Kai is the best show i've seen this year,television,https://www.reddit.com/r/television/comments/8hr53f/cobra_kai_is_the_best_show_ive_seen_this_year/
Cobra Kai,2018-05-02,8gsihm,Can we talk about YouTube Red's Cobra Kai?,television,https://www.reddit.com/r/television/comments/8gsihm/can_we_talk_about_youtube_reds_cobra_kai/
Cobra Kai,2018-05-02,8hfisd,Cobra Kai might be the best new Television show of 2018. 100% Rotten Tomatoes score!,television,https://www.reddit.com/r/television/comments/8hfisd/cobra_kai_might_be_the_best_new_television_show/
Cobra Kai,2018-05-02,8f472t,Just watched Cobra Kai Episodes 1 and 2 and its better than people think it will be!,television,https://www.reddit.com/r/television/comments/8f472t/just_watched_cobra_kai_episodes_1_and_2_and_its/
Cobra Kai,2018-05-02,8gn9rr,Anyone else watch this Cobra Kai show on netflix? It's great!,television,https://www.reddit.com/r/television/comments/8gn9rr/anyone_else_watch_this_cobra_kai_show_on_netflix/
Cobra Kai,2018-05-02,8jphm7,‘Cobra Kai’: YouTube Red ‘Karate Kid’ Sequel Outperforms Netflix Shows,television,http://variety.com/2018/digital/news/cobra-kai-youtube-red-karate-kid-1202810780/
Cobra Kai,2018-05-02,8gkfuo,The “Karate Kid” Sequel “Cobra Kai” Will Transport Its Ideal Audience Back to the Eighties,television,https://www.newyorker.com/culture/on-television/the-karate-kid-sequel-cobra-kai-will-transport-its-ideal-audience-back-to-the-eighties
Cobra Kai,2018-05-02,8hw1rd,The Key to ‘Cobra Kai’ Is the Relationship Between Johnny Lawrence and Miguel Diaz,television,https://www.theringer.com/tv/2018/5/8/17329490/cobra-kai-karate-kid-youtube-red-johnny-lawrence-miguel-diaz-daniel-larusso
The Last of Us,2023-01-15,10d1yam,The Last of Us - Series Premiere Discussion,television,https://www.reddit.com/r/television/comments/10d1yam/the_last_of_us_series_premiere_discussion/
The Last of Us,2023-01-15,10j0rio,"The Last of Us - 1x02 ""Infected"" - Episode Discussion",television,https://www.reddit.com/r/television/comments/10j0rio/the_last_of_us_1x02_infected_episode_discussion/
The Last of Us,2023-01-15,10eyqi8,The Last of Us Question,television,https://www.reddit.com/r/television/comments/10eyqi8/the_last_of_us_question/
The Last of Us,2023-01-15,10dbiho,"If you want to discuss The Last of Us without being spoiled by the video game, I created a subreddit for just that.",television,https://www.reddit.com/r/television/comments/10dbiho/if_you_want_to_discuss_the_last_of_us_without/
The Rookie,2018-10-16,9ootbt,The Rookie - Series Premiere Discussion,television,https://www.reddit.com/r/television/comments/9ootbt/the_rookie_series_premiere_discussion/
The Flash,2014-10-07,2ilqwv,The Flash - Series Premiere Discussion Thread [SPOILERS],television,https://www.reddit.com/r/television/comments/2ilqwv/the_flash_series_premiere_discussion_thread/
Game of Thrones,2011-04-17,gsfhu,Discuss: Game of Thrones - Winter Is Coming,television,https://www.reddit.com/r/television/comments/gsfhu/discuss_game_of_thrones_winter_is_coming/
The Blacklist,2013-09-23,1n5fpt,"[The Blacklist] Series Premiere - S01E01 - ""Pilot"" - Discussion Thread (SPOILERS)",television,http://www.reddit.com/r/TheBlackList/comments/1mzx9j/episode_discussion_s01e01_pilot/
The Blacklist,2013-09-23,1mzdeu,"The Blacklist premieres tonight, please be sure to join us on the shows subreddit to discuss the episode",television,http://www.reddit.com/r/TheBlackList/
The Blacklist,2013-09-23,1njfzi,"[The Blacklist] S01E02 - ""The Freelancer"" - Discussion Thread (SPOILERS)",television,http://www.reddit.com/r/TheBlackList/comments/1ngxn1/episode_discussion_s01e02_the_freelancer/
You,2018-09-09,9ei6v5,You - Series Premiere Discussion,television,https://www.reddit.com/r/television/comments/9ei6v5/you_series_premiere_discussion/
You,2018-09-09,9dcxd9,"[Discussion] Why does it seem like couples never say ""I love you"" in TV shows?",television,https://www.reddit.com/r/television/comments/9dcxd9/discussion_why_does_it_seem_like_couples_never/
Andor,2022-09-21,xjxlsk,Andor - Series Premiere Discussion,television,https://www.reddit.com/r/television/comments/xjxlsk/andor_series_premiere_discussion/
This Is Us,2016-09-20,53qn8t,This Is Us - Series Premiere Discussion,television,https://www.reddit.com/r/television/comments/53qn8t/this_is_us_series_premiere_discussion/
Yellowstone,2018-06-20,8smsa0,Yellowstone - Series Premiere Discussion,television,https://www.reddit.com/r/television/comments/8smsa0/yellowstone_series_premiere_discussion/
The Handmaid's Tale,2017-04-26,67og96,The Handmaid's Tale - Series Premiere Discussion,television,https://www.reddit.com/r/television/comments/67og96/the_handmaids_tale_series_premiere_discussion/
The Good Doctor,2017-09-25,72h7uq,The Good Doctor - Series Premiere Discussion,television,https://www.reddit.com/r/television/comments/72h7uq/the_good_doctor_series_premiere_discussion/
Lucifer,2016-01-25,42p4mc,Lucifer - Series Premiere Discussion Thread [SPOILERS],television,https://www.reddit.com/r/television/comments/42p4mc/lucifer_series_premiere_discussion_thread_spoilers/
INVINCIBLE,2021-03-25,md9kw2,Invincible - Series Premiere Discussion,television,https://www.reddit.com/r/television/comments/md9kw2/invincible_series_premiere_discussion/
INVINCIBLE,2021-03-25,migts4,"[Episode Discussion] Invincible - S01E04 - Neil Armstrong, Eat Your Heart Out",television,/r/Invincible/comments/mia795/invincible_episode_discussion_s01e04_neil/
Marvel's Agents of S.H.I.E.L.D.,2013-09-24,1n0j55,New trailer for Marvel's Agents of S.H.I.E.L.D.,television,http://www.youtube.com/watch?v=8wcDvNSTBws
Marvel's Agents of S.H.I.E.L.D.,2013-09-24,1n4fe6,The villain from 'Marvel's agents of S.H.I.E.L.D.' shares a name with a real environmental group,television,http://www.vice.com/read/marvels-agents-of-shield-named-its-villains-after-a-real-environmental-group
Young Sheldon,2017-09-25,72gp4u,Young Sheldon - Series Premiere Discussion,television,https://www.reddit.com/r/television/comments/72gp4u/young_sheldon_series_premiere_discussion/
Young Sheldon,2017-09-25,73gyxn,'Young Sheldon' becomes most watched premiere this decade in DVR (Not even counting L7). HUGE considering the decline of broadcast TV over the years.,television,http://deadline.com/2017/09/the-good-doctor-premiere-live3-ratings-young-sheldon-big-bang-theory-the-brave-1202179902/
Young Sheldon,2017-09-25,74f4mw,‘Young Sheldon’: Who hath wrought this fresh hell?,television,http://www.campustimes.org/2017/10/02/young-sheldon-hath-wrought-fresh-hell/
Young Sheldon,2017-09-25,70thc1,Young Sheldon Official Trailer,television,https://www.youtube.com/watch?v=KhxKEg-IBBo
Young Sheldon,2017-09-25,72l2d9,"TV Ratings Monday: ‘Young Sheldon’ and ‘The Good Doctor’ start strong, ‘The Voice’ has lowest premiere",television,http://tvbythenumbers.zap2it.com/daily-ratings/tv-ratings-monday-sept-25-2017/
Young Sheldon,2017-09-25,72kyc6,young Sheldon,television,https://www.reddit.com/r/television/comments/72kyc6/young_sheldon/
Chicago Fire,2012-10-10,11atui,Thoughts on Chicago Fire?,television,https://www.reddit.com/r/television/comments/11atui/thoughts_on_chicago_fire/
Young Sheldon,2017-09-25,72gp4u,Young Sheldon - Series Premiere Discussion,television,https://www.reddit.com/r/television/comments/72gp4u/young_sheldon_series_premiere_discussion/
Young Sheldon,2017-09-25,73gyxn,'Young Sheldon' becomes most watched premiere this decade in DVR (Not even counting L7). HUGE considering the decline of broadcast TV over the years.,television,http://deadline.com/2017/09/the-good-doctor-premiere-live3-ratings-young-sheldon-big-bang-theory-the-brave-1202179902/
Young Sheldon,2017-09-25,74f4mw,‘Young Sheldon’: Who hath wrought this fresh hell?,television,http://www.campustimes.org/2017/10/02/young-sheldon-hath-wrought-fresh-hell/
Young Sheldon,2017-09-25,70thc1,Young Sheldon Official Trailer,television,https://www.youtube.com/watch?v=KhxKEg-IBBo
Young Sheldon,2017-09-25,72l2d9,"TV Ratings Monday: ‘Young Sheldon’ and ‘The Good Doctor’ start strong, ‘The Voice’ has lowest premiere",television,http://tvbythenumbers.zap2it.com/daily-ratings/tv-ratings-monday-sept-25-2017/
Young Sheldon,2017-09-25,72kyc6,young Sheldon,television,https://www.reddit.com/r/television/comments/72kyc6/young_sheldon/
Brooklyn Nine-Nine,2013-09-17,1mm4nq,"Brooklyn Nine-Nine premiered tonight on Fox, please join us at /r/BrooklynNineNine",television,http://www.reddit.com/r/brooklynninenine/
The White Lotus,2021-07-11,oiey3b,The White Lotus - Series Premiere Discussion,television,https://www.reddit.com/r/television/comments/oiey3b/the_white_lotus_series_premiere_discussion/
The White Lotus,2021-07-11,oiey3b,The White Lotus - Series Premiere Discussion,television,https://www.reddit.com/r/television/comments/oiey3b/the_white_lotus_series_premiere_discussion/
The Resident,2018-01-21,7s2tx9,The Resident - Series Premiere Discussion,television,https://www.reddit.com/r/television/comments/7s2tx9/the_resident_series_premiere_discussion/
Reacher,2022-02-03,skdg5e,Reacher - Series Premiere Discussion,television,https://www.reddit.com/r/television/comments/skdg5e/reacher_series_premiere_discussion/
Reacher,2022-02-03,so54ou,"Inside of You with Michael Rosenbaum: 'Reacher' star Alan Ritchson discusses his bipolar diagnosis and how it affects his work, his suicide attempt, and how pain meds affected his health while filming",television,https://youtu.be/s_ePmDsZp8g
The Boys,2019-07-25,cgj6lm,The Boys - Series Premiere Discussion,television,https://www.reddit.com/r/television/comments/cgj6lm/the_boys_series_premiere_discussion/
Cobra Kai,2018-05-02,8hbnx3,Holy shit! Cobra Kai has no right in being so great! So far one of the greatest shows of the year for me.,television,https://www.reddit.com/r/television/comments/8hbnx3/holy_shit_cobra_kai_has_no_right_in_being_so/
Cobra Kai,2018-05-02,8igg6b,'Cobra Kai' Renewed for Season 2 at YouTube,television,https://www.hollywoodreporter.com/live-feed/karate-kid-sequel-cobra-kai-renewed-season-2-at-youtube-1110673
Cobra Kai,2018-05-02,8gj01p,Cobra Kai Ep 1 - “Ace Degenerate” - The Karate Kid Saga Continues,television,https://www.youtube.com/watch?v=_rB36UGoP4Y
Cobra Kai,2018-05-02,8gt279,YouTube Reports 5.4 Million First-Day Views for First Episode of ‘Cobra Kai’,television,https://decider.com/2018/05/03/cobra-kai-5-4-million-views/
Cobra Kai,2018-05-02,8iv9kg,Cobra Kai is the best new show of the year.,television,https://www.reddit.com/r/television/comments/8iv9kg/cobra_kai_is_the_best_new_show_of_the_year/
Cobra Kai,2018-05-02,8er2q5,I Saw Cobra Kai Preview Tonight at Tribeca Film Festival: AMA and Spoilers!,television,https://www.reddit.com/r/television/comments/8er2q5/i_saw_cobra_kai_preview_tonight_at_tribeca_film/
Cobra Kai,2018-05-02,8h7pxd,"Just finished Cobra Kai, anyone else wish YouTube Red will continue to make good content?",television,https://www.reddit.com/r/television/comments/8h7pxd/just_finished_cobra_kai_anyone_else_wish_youtube/
Cobra Kai,2018-05-02,8hr53f,Cobra Kai is the best show i've seen this year,television,https://www.reddit.com/r/television/comments/8hr53f/cobra_kai_is_the_best_show_ive_seen_this_year/
Cobra Kai,2018-05-02,8gsihm,Can we talk about YouTube Red's Cobra Kai?,television,https://www.reddit.com/r/television/comments/8gsihm/can_we_talk_about_youtube_reds_cobra_kai/
Cobra Kai,2018-05-02,8hfisd,Cobra Kai might be the best new Television show of 2018. 100% Rotten Tomatoes score!,television,https://www.reddit.com/r/television/comments/8hfisd/cobra_kai_might_be_the_best_new_television_show/
Cobra Kai,2018-05-02,8f472t,Just watched Cobra Kai Episodes 1 and 2 and its better than people think it will be!,television,https://www.reddit.com/r/television/comments/8f472t/just_watched_cobra_kai_episodes_1_and_2_and_its/
Cobra Kai,2018-05-02,8gn9rr,Anyone else watch this Cobra Kai show on netflix? It's great!,television,https://www.reddit.com/r/television/comments/8gn9rr/anyone_else_watch_this_cobra_kai_show_on_netflix/
Cobra Kai,2018-05-02,8jphm7,‘Cobra Kai’: YouTube Red ‘Karate Kid’ Sequel Outperforms Netflix Shows,television,http://variety.com/2018/digital/news/cobra-kai-youtube-red-karate-kid-1202810780/
Cobra Kai,2018-05-02,8gkfuo,The “Karate Kid” Sequel “Cobra Kai” Will Transport Its Ideal Audience Back to the Eighties,television,https://www.newyorker.com/culture/on-television/the-karate-kid-sequel-cobra-kai-will-transport-its-ideal-audience-back-to-the-eighties
Cobra Kai,2018-05-02,8hw1rd,The Key to ‘Cobra Kai’ Is the Relationship Between Johnny Lawrence and Miguel Diaz,television,https://www.theringer.com/tv/2018/5/8/17329490/cobra-kai-karate-kid-youtube-red-johnny-lawrence-miguel-diaz-daniel-larusso
Captain America: Brave New World,2025-02-12,1ip0ump,Official Discussion - Captain America: Brave New World [SPOILERS],movies,https://www.reddit.com/r/movies/comments/1ip0ump/official_discussion_captain_america_brave_new/
Captain America: Brave New World,2025-02-12,1ip1fd2,Official Discussion Megathread (Captain America: Brave New World / Paddington in Peru / I'm Still Here),movies,https://www.reddit.com/r/movies/comments/1ip1fd2/official_discussion_megathread_captain_america/
Captain America: Brave New World,2025-02-12,1invnsp,Captain America: Brave New World - Review Thread,movies,https://www.reddit.com/r/movies/comments/1invnsp/captain_america_brave_new_world_review_thread/
Captain America: Brave New World,2025-02-12,1ixfgaj,"February 21-23 Box Office Recap: Despite repeating at #1, 'Captain America: Brave New World' collapses 68.3%, the third worst second weeekend drop in the MCU. Meanwhile, 'The Monkey' opens with $14 million, the second best debut in Neon's history.",movies,https://www.reddit.com/r/movies/comments/1ixfgaj/february_2123_box_office_recap_despite_repeating/
Captain America: Brave New World,2025-02-12,1isqhrs,"February 14-17 Box Office Recap: 'Captain America: Brave New World' opens with almost $200 million worldwide, but poor word of mouth (""B–"" on CinemaScore) suggests it will fall off quickly. Meanwhile, 'Ne Zha 2' passes 'Inside Out 2' to become the biggest animated film ever.",movies,https://www.reddit.com/r/movies/comments/1isqhrs/february_1417_box_office_recap_captain_america/
Captain America: Brave New World,2025-02-12,1ilp9ru,"Feb 14th, must choose one to see: Captain America: Brave New World or Paddington In Peru.",movies,https://www.reddit.com/r/movies/comments/1ilp9ru/feb_14th_must_choose_one_to_see_captain_america/
Captain America: Brave New World,2025-02-12,1ip0ump,Official Discussion - Captain America: Brave New World [SPOILERS],movies,https://www.reddit.com/r/movies/comments/1ip0ump/official_discussion_captain_america_brave_new/
Captain America: Brave New World,2025-02-12,1invnsp,Captain America: Brave New World - Review Thread,movies,https://www.reddit.com/r/movies/comments/1invnsp/captain_america_brave_new_world_review_thread/
Captain America: Brave New World,2025-02-12,1ixfgaj,"February 21-23 Box Office Recap: Despite repeating at #1, 'Captain America: Brave New World' collapses 68.3%, the third worst second weeekend drop in the MCU. Meanwhile, 'The Monkey' opens with $14 million, the second best debut in Neon's history.",movies,https://www.reddit.com/r/movies/comments/1ixfgaj/february_2123_box_office_recap_despite_repeating/
Captain America: Brave New World,2025-02-12,1isqhrs,"February 14-17 Box Office Recap: 'Captain America: Brave New World' opens with almost $200 million worldwide, but poor word of mouth (""B–"" on CinemaScore) suggests it will fall off quickly. Meanwhile, 'Ne Zha 2' passes 'Inside Out 2' to become the biggest animated film ever.",movies,https://www.reddit.com/r/movies/comments/1isqhrs/february_1417_box_office_recap_captain_america/
Captain America: Brave New World,2025-02-12,1ilp9ru,"Feb 14th, must choose one to see: Captain America: Brave New World or Paddington In Peru.",movies,https://www.reddit.com/r/movies/comments/1ilp9ru/feb_14th_must_choose_one_to_see_captain_america/
Captain America: Brave New World,2025-02-12,1ip1fd2,Official Discussion Megathread (Captain America: Brave New World / Paddington in Peru / I'm Still Here),movies,https://www.reddit.com/r/movies/comments/1ip1fd2/official_discussion_megathread_captain_america/
Conclave,2024-10-25,1gbjlm7,Official Discussion - Conclave [SPOILERS],movies,https://www.reddit.com/r/movies/comments/1gbjlm7/official_discussion_conclave_spoilers/
Conclave,2024-10-25,1gbjmpv,Official Discussion Megathread (Venom : The Last Dance / Conclave / Your Monster),movies,https://www.reddit.com/r/movies/comments/1gbjmpv/official_discussion_megathread_venom_the_last/
Moana 2,2024-11-21,1h0uevk,Official Discussion - Moana 2 [SPOILERS],movies,https://www.reddit.com/r/movies/comments/1h0uevk/official_discussion_moana_2_spoilers/
Moana 2,2024-11-21,1h0uf7h,Official Discussion Megathread (Gladiator II / Wicked: Part I / Moana 2),movies,https://www.reddit.com/r/movies/comments/1h0uf7h/official_discussion_megathread_gladiator_ii/
Moana 2,2024-11-21,1h0ha4a,'Moana 2' Review Thread,movies,https://www.reddit.com/r/movies/comments/1h0ha4a/moana_2_review_thread/
Moana 2,2024-11-21,1h57yn0,"November 29-December 1 Box Office Recap: 'Moana 2' debuts with a colossal $389 million worldwide, the biggest debut for an animated title. In the domestic market, 'Moana 2', 'Wicked' and 'Gladiator II' delivered the biggest Thanksgiving weekend in box office history.",movies,https://www.reddit.com/r/movies/comments/1h57yn0/november_29december_1_box_office_recap_moana_2/
Moana 2,2024-11-21,1gzvr4i,Wicked vs Moana 2: Which one do you think will do better?,movies,https://www.reddit.com/r/movies/comments/1gzvr4i/wicked_vs_moana_2_which_one_do_you_think_will_do/
Mufasa: The Lion King,2024-12-18,1hiae58,Official Discussion - Mufasa: The Lion King [SPOILERS],movies,https://www.reddit.com/r/movies/comments/1hiae58/official_discussion_mufasa_the_lion_king_spoilers/
Mufasa: The Lion King,2024-12-18,1hjixyv,Official Discussion Megathread (Sonic the Hedgehog 3 / Mufasa: The Lion King / The Man in the White Van / Juror #2),movies,https://www.reddit.com/r/movies/comments/1hjixyv/official_discussion_megathread_sonic_the_hedgehog/
Mufasa: The Lion King,2024-12-18,1hip3qr,James Earl Jones honored in 'Mufasa: The Lion King' following his death ,movies,https://www.the-express.com/entertainment/movies/157822/james-earl-jones-honored-new-mufasa-lion-king-film-following-his-death
Mufasa: The Lion King,2024-12-18,1hgf7ii,'Mufasa: The Lion King' Review Thread,movies,https://www.reddit.com/r/movies/comments/1hgf7ii/mufasa_the_lion_king_review_thread/
Mufasa: The Lion King,2024-12-18,1hkx7rr,"December 20-22 Box Office Recap: 'Sonic the Hedgehog 3' tops 'Mufasa: The Lion King' in the domestic market. While 'Mufasa' leads overseas, its $122.2 million worldwide debut is very underwhelming. Meanwhile, 'Kraven' and 'War of the Rohirrim' collapsed 72% and 73%, respectively.",movies,https://www.reddit.com/r/movies/comments/1hkx7rr/december_2022_box_office_recap_sonic_the_hedgehog/
Mufasa: The Lion King,2024-12-18,1hjjr4q,"Lin-Manuel Miranda Breaks Down ‘Mufasa: The Lion King’ Songs — and How He Convinced Barry Jenkins to Add the Villain Anthem ‘Bye Bye’
",movies,https://variety.com/lists/lin-manuel-miranda-mufasa-the-lion-king-soundtrack-villain-anthem-bye-bye/
Mufasa: The Lion King,2024-12-18,1hiae58,Official Discussion - Mufasa: The Lion King [SPOILERS],movies,https://www.reddit.com/r/movies/comments/1hiae58/official_discussion_mufasa_the_lion_king_spoilers/
Mufasa: The Lion King,2024-12-18,1hip3qr,James Earl Jones honored in 'Mufasa: The Lion King' following his death ,movies,https://www.the-express.com/entertainment/movies/157822/james-earl-jones-honored-new-mufasa-lion-king-film-following-his-death
Mufasa: The Lion King,2024-12-18,1hgf7ii,'Mufasa: The Lion King' Review Thread,movies,https://www.reddit.com/r/movies/comments/1hgf7ii/mufasa_the_lion_king_review_thread/
Mufasa: The Lion King,2024-12-18,1hkx7rr,"December 20-22 Box Office Recap: 'Sonic the Hedgehog 3' tops 'Mufasa: The Lion King' in the domestic market. While 'Mufasa' leads overseas, its $122.2 million worldwide debut is very underwhelming. Meanwhile, 'Kraven' and 'War of the Rohirrim' collapsed 72% and 73%, respectively.",movies,https://www.reddit.com/r/movies/comments/1hkx7rr/december_2022_box_office_recap_sonic_the_hedgehog/
Mufasa: The Lion King,2024-12-18,1hjjr4q,"Lin-Manuel Miranda Breaks Down ‘Mufasa: The Lion King’ Songs — and How He Convinced Barry Jenkins to Add the Villain Anthem ‘Bye Bye’
",movies,https://variety.com/lists/lin-manuel-miranda-mufasa-the-lion-king-soundtrack-villain-anthem-bye-bye/
Mufasa: The Lion King,2024-12-18,1hjixyv,Official Discussion Megathread (Sonic the Hedgehog 3 / Mufasa: The Lion King / The Man in the White Van / Juror #2),movies,https://www.reddit.com/r/movies/comments/1hjixyv/official_discussion_megathread_sonic_the_hedgehog/
Sonic the Hedgehog 3,2024-12-19,1hiae45,Official Discussion - Sonic the Hedgehog 3 [SPOILERS],movies,https://www.reddit.com/r/movies/comments/1hiae45/official_discussion_sonic_the_hedgehog_3_spoilers/
Sonic the Hedgehog 3,2024-12-19,1hjixyv,Official Discussion Megathread (Sonic the Hedgehog 3 / Mufasa: The Lion King / The Man in the White Van / Juror #2),movies,https://www.reddit.com/r/movies/comments/1hjixyv/official_discussion_megathread_sonic_the_hedgehog/
Sonic the Hedgehog 3,2024-12-19,1hh25i8,'Sonic the Hedgehog 3' Review Thread,movies,https://www.reddit.com/r/movies/comments/1hh25i8/sonic_the_hedgehog_3_review_thread/
Sonic the Hedgehog 3,2024-12-19,1hkx7rr,"December 20-22 Box Office Recap: 'Sonic the Hedgehog 3' tops 'Mufasa: The Lion King' in the domestic market. While 'Mufasa' leads overseas, its $122.2 million worldwide debut is very underwhelming. Meanwhile, 'Kraven' and 'War of the Rohirrim' collapsed 72% and 73%, respectively.",movies,https://www.reddit.com/r/movies/comments/1hkx7rr/december_2022_box_office_recap_sonic_the_hedgehog/
Mickey 17,2025-02-28,1j5dv2d,Official Discussion - Mickey 17 [SPOILERS],movies,https://www.reddit.com/r/movies/comments/1j5dv2d/official_discussion_mickey_17_spoilers/
Mickey 17,2025-02-28,1j5dyi3,Official Discussion Megathread (Mickey 17 / In the Lost Lands / Ne Zha 2 / My Dead Friend Zoe / Cleaner),movies,https://www.reddit.com/r/movies/comments/1j5dyi3/official_discussion_megathread_mickey_17_in_the/
Mickey 17,2025-02-28,1ishmwk,New Poster for 'Bong Joon-Ho's 'Mickey 17',movies,https://i.redd.it/mujv35p7jxje1.jpeg
Mickey 17,2025-02-28,1j8amms,"March 7-9 Box Office Recap: 'Mickey 17' flops with an underwhelming $19 million domestically and a weak $53.3 worldwide total, against a $118 million budget. 'Ne Zha 2' crosses $2 billion in China.",movies,https://www.reddit.com/r/movies/comments/1j8amms/march_79_box_office_recap_mickey_17_flops_with_an/
Mickey 17,2025-02-28,1iq74ir,Bong Joon-ho's 'Mickey 17' Review Thread,movies,https://www.reddit.com/r/movies/comments/1iq74ir/bong_joonhos_mickey_17_review_thread/
Mickey 17,2025-02-28,1isi34l,Mickey 17 - IMAX Poster,movies,https://i.redd.it/g1yvcyhemxje1.jpeg
Mickey 17,2025-02-28,1j9scbt,David Sims talks to Bong Joon Ho about “Mickey 17”,movies,https://www.theatlantic.com/culture/archive/2025/03/mickey-17-bong-joon-ho-interview/682017/?utm_source=reddit&utm_medium=social&utm_campaign=the-atlantic&utm_content=edit-promo
Mickey 17,2025-02-28,1j4ri3m,The volume of ads for Mickey 17 has been incredible.,movies,https://www.reddit.com/r/movies/comments/1j4ri3m/the_volume_of_ads_for_mickey_17_has_been/
Mickey 17,2025-02-28,1j67ypt,Mickey 17 questions,movies,https://www.reddit.com/r/movies/comments/1j67ypt/mickey_17_questions/
Mickey 17,2025-02-28,1iz5t95,"Looking for Mickey 17 trailer that had the song ""Mickey"" in it by Toni Basil? Can't find it.",movies,https://www.reddit.com/r/movies/comments/1iz5t95/looking_for_mickey_17_trailer_that_had_the_song/
Mickey 17,2025-02-28,1j6m1ft,'Mickey 17': Mark Ruffalo's Character Explained,movies,https://www.indiewire.com/features/interviews/mickey-17-mark-ruffalo-character-explained-1235101441/
Mickey 17,2025-02-28,1j6i7sc,"“Mickey 17” review, by Shirley Li",movies,https://www.theatlantic.com/culture/archive/2025/03/mickey-17-movie-review/681969/?utm_source=reddit&utm_medium=social&utm_campaign=the-atlantic&utm_content=edit-promo
Mickey 17,2025-02-28,1j8b9q8,How to Direct Film Actors: Lessons from Bong Joon Ho on 'Mickey 17',movies,https://www.indiewire.com/features/interviews/how-direct-actors-bong-joon-ho-mickey-17-1235101963/
Mickey 17,2025-02-28,1isho48,Mickey 17 | Get Tickets Now Teaser,movies,https://www.youtube.com/watch?v=IN9q_UavsHM
The Gorge,2025-02-13,1iuhec9,Official Discussion - The Gorge [SPOILERS],movies,https://www.reddit.com/r/movies/comments/1iuhec9/official_discussion_the_gorge_spoilers/
The Gorge,2025-02-13,1ipwuqe,The Gorge discussion?,movies,https://www.reddit.com/r/movies/comments/1ipwuqe/the_gorge_discussion/
Avengers: Infinity War,2018-04-25,8f84h0,Official Discussion - Avengers: Infinity War [SPOILERS],movies,https://www.reddit.com/r/movies/comments/8f84h0/official_discussion_avengers_infinity_war_spoilers/
Avengers: Infinity War,2018-04-25,8gvr6n,Official Discussion - Avengers: Infinity War [SPOILERS] (Thread Vol. 2),movies,https://www.reddit.com/r/movies/comments/8gvr6n/official_discussion_avengers_infinity_war/
Avengers: Infinity War,2018-04-25,8eilwg,"It would seem Avengers: Infinity War premiered tonight in full for the first time. Between now and this weekend, the internet may be dark and full of spoilers. Here's some nifty tips on how to avoid spoielrs on reddit. Easy mode: Stay off reddit.",movies,https://www.reddit.com/r/movies/comments/8eilwg/it_would_seem_avengers_infinity_war_premiered/
Avengers: Infinity War,2018-04-25,8g0ts9,Box Office Week - Avengers: Infinity War opens at #1 and breaks the all-time opening weekend record set by Star Wars: The Force Awakens ($247.9M) with $258.1M. It also beat Fate of the Furious ($541.9M) for the biggest worldwide opening with a $640.8M debut.,movies,https://www.reddit.com/r/movies/comments/8g0ts9/box_office_week_avengers_infinity_war_opens_at_1/
Avengers: Infinity War,2018-04-25,8eoccp,Review Megathread - Avengers: Infinity War,movies,https://www.reddit.com/r/movies/comments/8eoccp/review_megathread_avengers_infinity_war/
Avengers: Infinity War,2018-04-25,8hogut,"Box Office Week: On second weekend Avengers: Infinity War is #1 again with $112.4M. The film became the fastest film to pass $1B worldwide doing so in just 11 days. Meanwhile Overboard comes in okay at #2 with $14.7M, Tully underwhelms at #6 with $3.1M, and Bad Samaritan bombs at #10 with $1.7M.",movies,https://www.reddit.com/r/movies/comments/8hogut/box_office_week_on_second_weekend_avengers/
Avengers: Infinity War,2018-04-25,8cma8z,Fargo’s Carrie Coon to play crucial Avengers: Infinity War villain,movies,http://www.radiotimes.com/news/film/2018-04-16/avengers-infinity-war-cast-proxima-midnight-carrie-coon/
Avengers: Infinity War,2018-04-25,8ftvam,YMS - Quickie: Avengers: Infinity War,movies,https://youtu.be/5HwvcV4UFbQ
Avengers: Infinity War,2018-04-25,8fd4rw,Mark Kermode - Avengers: Infinity War review,movies,https://youtu.be/EYeIEou-5kg
Avengers: Infinity War,2018-04-25,8foey7,Avengers: Infinity War - Spoiler Review,movies,https://youtu.be/HpzW0tV7qp4
Avengers: Infinity War,2018-04-25,8ey6ha,Avengers: Infinity War - Movie Review (Spoiler-Free!),movies,https://www.youtube.com/watch?v=ssskHeRUvVc
Avengers: Infinity War,2018-04-25,8eigid,Here are the first reactions to Marvel’s ‘Avengers: Infinity War’,movies,http://mightyviral.com/here-are-the-first-reactions-to-marvels-avengers-infinity-war/
Avengers: Infinity War,2018-04-25,8dka4z,Throwback Captain America Stunt Videos Hype Avengers: Infinity War,movies,http://mightyviral.com/throwback-captain-america-stunt-videos-hype-avengers-infinity-war/
Avengers: Infinity War,2018-04-25,8f84h0,Official Discussion - Avengers: Infinity War [SPOILERS],movies,https://www.reddit.com/r/movies/comments/8f84h0/official_discussion_avengers_infinity_war_spoilers/
Avengers: Infinity War,2018-04-25,8g0ts9,Box Office Week - Avengers: Infinity War opens at #1 and breaks the all-time opening weekend record set by Star Wars: The Force Awakens ($247.9M) with $258.1M. It also beat Fate of the Furious ($541.9M) for the biggest worldwide opening with a $640.8M debut.,movies,https://www.reddit.com/r/movies/comments/8g0ts9/box_office_week_avengers_infinity_war_opens_at_1/
Avengers: Infinity War,2018-04-25,8gvr6n,Official Discussion - Avengers: Infinity War [SPOILERS] (Thread Vol. 2),movies,https://www.reddit.com/r/movies/comments/8gvr6n/official_discussion_avengers_infinity_war/
Avengers: Infinity War,2018-04-25,8eoccp,Review Megathread - Avengers: Infinity War,movies,https://www.reddit.com/r/movies/comments/8eoccp/review_megathread_avengers_infinity_war/
Avengers: Infinity War,2018-04-25,8hogut,"Box Office Week: On second weekend Avengers: Infinity War is #1 again with $112.4M. The film became the fastest film to pass $1B worldwide doing so in just 11 days. Meanwhile Overboard comes in okay at #2 with $14.7M, Tully underwhelms at #6 with $3.1M, and Bad Samaritan bombs at #10 with $1.7M.",movies,https://www.reddit.com/r/movies/comments/8hogut/box_office_week_on_second_weekend_avengers/
Avengers: Infinity War,2018-04-25,8cma8z,Fargo’s Carrie Coon to play crucial Avengers: Infinity War villain,movies,http://www.radiotimes.com/news/film/2018-04-16/avengers-infinity-war-cast-proxima-midnight-carrie-coon/
Gladiator II,2024-11-13,1gwxxwd,Official Discussion - Gladiator II [SPOILERS],movies,https://www.reddit.com/r/movies/comments/1gwxxwd/official_discussion_gladiator_ii_spoilers/
Gladiator II,2024-11-13,1gwxy96,Official Discussion Megathread (Gladiator II / Wicked: Part I),movies,https://www.reddit.com/r/movies/comments/1gwxy96/official_discussion_megathread_gladiator_ii/
Gladiator II,2024-11-13,1h0uf7h,Official Discussion Megathread (Gladiator II / Wicked: Part I / Moana 2),movies,https://www.reddit.com/r/movies/comments/1h0uf7h/official_discussion_megathread_gladiator_ii/
Gladiator II,2024-11-13,1gznp35,"Nearly 20 years ago, Nick Cave was asked by Russell Crowe to write a Gladiator II sequel. It would've featured Maximus being reincarnated, sent back by the gods, over two millennia and ending up in present day. Ridley Scott played around with the idea but the movie never came to fruition.",movies,https://web.archive.org/web/20220610221854/https://www.denofgeek.com/movies/nick-cave-on-his-unproduced-gladiator-2-script/
Gladiator II,2024-11-13,1gm1ein,"With ‘Gladiator II,’ Ridley Scott Returns to the Arena",movies,https://www.nytimes.com/2024/11/07/movies/ridley-scott-gladiator-ii-denzel-washington.html
Gladiator II,2024-11-13,1grzjbd,"AMA: We're the costume designers for Ridley Scott’s latest epic “Gladiator II.” Ask us anything about our longtime careers in film and TV, and about working on such a huge project. ",movies,https://www.reddit.com/r/movies/comments/1grzjbd/ama_were_the_costume_designers_for_ridley_scotts/
Gladiator II,2024-11-13,1gu85hv,[MEGAPOST] Welcome to the official arena for all things “Gladiator II.” ,movies,https://www.reddit.com/r/movies/comments/1gu85hv/megapost_welcome_to_the_official_arena_for_all/
Gladiator II,2024-11-13,1gxckwq,Rome rises again. How big did “Gladiator II” go in recreating the glory of Rome? ,movies,https://www.reddit.com/r/movies/comments/1gxckwq/rome_rises_again_how_big_did_gladiator_ii_go_in/
Gladiator II,2024-11-13,1gw4a61,"All Ridley Scott Movies, Ranked: 'Gladiator II,' 'Napoleon,' More",movies,https://www.indiewire.com/gallery/ridley-scott-movies-ranked/
Gladiator II,2024-11-13,1gst15m,How historically accurate is Gladiator II? Dan Snow weighs in,movies,https://www.thetimes.com/uk/arts/article/gladiator-ii-dan-snow-ridley-scott-historical-inaccuracies-nm6bh2tmq?utm_medium=Social&utm_source=Reddit#Echobox=1731780165
Gladiator II,2024-11-13,1gpxhp7,"Is Ridley Scott's Gladiator II really just a shadow of its predecessor, as many critics say, or is this just the usual gripe of fans of the 2000 film?",movies,https://www.reddit.com/r/movies/comments/1gpxhp7/is_ridley_scotts_gladiator_ii_really_just_a/
Gladiator II,2024-11-13,1gmosfw,Ridley Scott Back In Arena With ‘Gladiator II’ Star Paul Mescal On ‘The Dog Stars’ At 20th Century,movies,https://deadline.com/2024/11/ridley-scott-paul-mescal-the-dog-stars-gladiator-ii-1236161226/
Gladiator II,2024-11-13,1gptwtr,Ridley Scott is Back in the Arena for “Gladiator II”,movies,https://www.reddit.com/r/movies/comments/1gptwtr/ridley_scott_is_back_in_the_arena_for_gladiator_ii/
Gladiator II,2024-11-13,1gp4ndt,Who are the 6 main characters you should know before seeing “Gladiator II”?,movies,https://www.reddit.com/r/movies/comments/1gp4ndt/who_are_the_6_main_characters_you_should_know/
Gladiator II,2024-11-13,1gucmsa,Fred Hechinger on Playing Villains in Kraven the Hunter and Gladiator II,movies,https://nerdreactor.com/fred-hechinger-on-playing-villains-in-kraven-the-hunter-and-gladiator-ii-i-think-thats-just-like-a-worthy-challenge/
My Fault,2023-06-08,149hfmm,[Discussion] Why is everyone obsessed with My Fault on Amazon,NetflixBestOf,https://www.reddit.com/r/NetflixBestOf/comments/149hfmm/discussion_why_is_everyone_obsessed_with_my_fault/
Venom: The Last Dance,2024-10-22,1gbjll4,Official Discussion - Venom: The Last Dance [SPOILERS],movies,https://www.reddit.com/r/movies/comments/1gbjll4/official_discussion_venom_the_last_dance_spoilers/
Venom: The Last Dance,2024-10-22,1gaidyp,Venom: The Last Dance - Review Thread,movies,https://www.reddit.com/r/movies/comments/1gaidyp/venom_the_last_dance_review_thread/
Venom: The Last Dance,2024-10-22,1gaidyp,Venom: The Last Dance - Review Thread,movies,https://www.reddit.com/r/movies/comments/1gaidyp/venom_the_last_dance_review_thread/
Venom: The Last Dance,2024-10-22,1gbjll4,Official Discussion - Venom: The Last Dance [SPOILERS],movies,https://www.reddit.com/r/movies/comments/1gbjll4/official_discussion_venom_the_last_dance_spoilers/
Deadpool & Wolverine,2024-07-24,1ecchwj,Official Discussion - Deadpool & Wolverine [SPOILERS],movies,https://www.reddit.com/r/movies/comments/1ecchwj/official_discussion_deadpool_wolverine_spoilers/
Deadpool & Wolverine,2024-07-24,1e74dnx,Deadpool & Wolverine | Final Trailer,movies,https://youtu.be/laNA2HgwYXU?si=HB9-ZE92BYhjZajh
Deadpool & Wolverine,2024-07-24,1eakf6z,'Deadpool & Wolverine' Review Thread,movies,https://www.reddit.com/r/movies/comments/1eakf6z/deadpool_wolverine_review_thread/
Deadpool & Wolverine,2024-07-24,1eezz5o,"Hey /r/movies - I’m actor Aaron Stanford, and I play Pyro in ""Deadpool & Wolverine"" which is out now in theaters. You also might know me from “X2: X-Men United,” “X-Men: The Last Stand,” and the Syfy TV series “12 Monkeys.” What would you like to know? Ask me anything!",movies,https://www.reddit.com/r/movies/comments/1eezz5o/hey_rmovies_im_actor_aaron_stanford_and_i_play/
Despicable Me 4,2024-06-20,1duvov6,Official Discussion - Despicable Me 4 [SPOILERS],movies,https://www.reddit.com/r/movies/comments/1duvov6/official_discussion_despicable_me_4_spoilers/
Despicable Me 4,2024-06-20,1duvqgr,Official Discussion Megathread (Despicable Me 4 / Beverly Hills Cop: Axel F),movies,https://www.reddit.com/r/movies/comments/1duvqgr/official_discussion_megathread_despicable_me_4/
Kraven the Hunter,2024-12-11,1hd2v8v,Official Discussion - Kraven the Hunter [SPOILERS],movies,https://www.reddit.com/r/movies/comments/1hd2v8v/official_discussion_kraven_the_hunter_spoilers/
Kraven the Hunter,2024-12-11,1hd2xa8,Official Discussion Megathread (Kraven the Hunter / The Lord of the Rings: The War of Rohirrim / Queer / Flow / Maria / The Piano Lesson),movies,https://www.reddit.com/r/movies/comments/1hd2xa8/official_discussion_megathread_kraven_the_hunter/
Companion,2025-01-22,1ie56on,Official Discussion - Companion [SPOILERS],movies,https://www.reddit.com/r/movies/comments/1ie56on/official_discussion_companion_spoilers/
Companion,2025-01-22,1ie8p12,Official Discussion Megathread (Companion / Dog Man / Hard Truths / September 5),movies,https://www.reddit.com/r/movies/comments/1ie8p12/official_discussion_megathread_companion_dog_man/
Spider-Man: Homecoming,2017-07-05,6meoa4,"Box Office Week: Spider-man: Homecoming takes #1 with a great $117M. Wonder Woman passes $386M domestic making it the 10th highest grossing superhero film and the 2nd highest grossing superhero origin film. The Big Sick continues to expand well, making $3.6M in just 326 theaters.",movies,https://www.reddit.com/r/movies/comments/6meoa4/box_office_week_spiderman_homecoming_takes_1_with/
Spider-Man: Homecoming,2017-07-05,6lqkql,Official Discussion - Spider-man: Homecoming [SPOILERS],movies,https://www.reddit.com/r/movies/comments/6lqkql/official_discussion_spiderman_homecoming_spoilers/
Spider-Man: Homecoming,2017-07-05,6lu5ov,"The Marvel Cinematic Universe timeline, with new information from Spider-Man: Homecoming",movies,https://www.reddit.com/r/movies/comments/6lu5ov/the_marvel_cinematic_universe_timeline_with_new/
Spider-Man: Homecoming,2017-07-05,6ljlz4,Official unofficial international 'Spider-Man: Homecoming' SPOILERS discussion thread.,movies,https://www.reddit.com/r/movies/comments/6ljlz4/official_unofficial_international_spiderman/
Spider-Man: Homecoming,2017-07-05,6k92x6,Review Megathread - Spider-man: Homecoming,movies,https://www.reddit.com/r/movies/comments/6k92x6/review_megathread_spiderman_homecoming/
Spider-Man: Homecoming,2017-07-05,6nuchw,"Box Office Week: War for the Planet of the Apes opens worse than Dawn but still takes #1 with $56.5M. Spider-man: Homecoming has worst 2nd weekend drop in MCU history, dropping 61% to come in #2 with $45.2M. The Big Sick expands meekly to #5 with $7.6M and Wish Upon bombs opening at #7 with $5.5M.",movies,https://www.reddit.com/r/movies/comments/6nuchw/box_office_week_war_for_the_planet_of_the_apes/
Spider-Man: Homecoming,2017-07-05,6kib93,‘Valerian’ Opening Scene to Play in Theaters in Front of ‘Spider-Man: Homecoming’,movies,http://collider.com/valerian-opening-scene-spider-man-homecoming/
Spider-Man: Homecoming,2017-07-05,6j4ccc,Jennifer Connelly confirmed for Spider-Man: Homecoming,movies,https://www.flickeringmyth.com/2017/06/spoilers-spider-man-homecoming-cast-list-confirms-jennifer-connelly-mystery-roles-and-surprise-villains/
Spider-Man: Homecoming,2017-07-05,6l88g0,Anyone else SICK of all the spoilers for Spider-Man: Homecoming?,movies,https://www.reddit.com/r/movies/comments/6l88g0/anyone_else_sick_of_all_the_spoilers_for/
Spider-Man: Homecoming,2017-07-05,6lh3m7,Spider-Man: Homecoming is easily my new favourite Spider-Man film,movies,https://www.reddit.com/r/movies/comments/6lh3m7/spiderman_homecoming_is_easily_my_new_favourite/
Spider-Man: Homecoming,2017-07-05,6jw1cc,'Spider-Man: Homecoming’s' Laura Harrier joins HBO Film 'Fahrenheit 451' With Michael B. Jordan & Michael Shannon,movies,http://www.avclub.com/article/spider-man-homecomings-laura-harrier-joins-hbos-fa-257388
Spider-Man: Homecoming,2017-07-05,6k5p1l,Personal reaction to Spider-Man: Homecoming,movies,https://www.reddit.com/r/movies/comments/6k5p1l/personal_reaction_to_spiderman_homecoming/
Spider-Man: Homecoming,2017-07-05,6nopsv,"Kirk Thatcher, the “Punk on Bus” from Star Trek IV: The Voyage Home cameos in Spider-Man: Homecoming",movies,http://www.tor.com/2017/07/13/star-trek-iv-now-exists-in-the-same-universe-as-all-marvel-films-thanks-to-a-special-cameo/
Spider-Man: Homecoming,2017-07-05,6lv6rc,Mark Kermode's Review of Spider-Man: Homecoming,movies,https://www.youtube.com/watch?v=as48Dmncsto
Spider-Man: Homecoming,2017-07-05,6lfn4d,Is the 3D in Spider-Man: Homecoming worth it?,movies,https://www.reddit.com/r/movies/comments/6lfn4d/is_the_3d_in_spiderman_homecoming_worth_it/
Spider-Man: Homecoming,2017-07-05,6jnmow,My excitements and fears for Spider-man: Homecoming,movies,https://www.reddit.com/r/movies/comments/6jnmow/my_excitements_and_fears_for_spiderman_homecoming/
Spider-Man: Homecoming,2017-07-05,6nbouu,The Chuck and Brad Podcast reviews Spider-Man: Homecoming super in-depth!,movies,http://www.chuckandbradpodcast.com
Spider-Man: Homecoming,2017-07-05,6meoa4,"Box Office Week: Spider-man: Homecoming takes #1 with a great $117M. Wonder Woman passes $386M domestic making it the 10th highest grossing superhero film and the 2nd highest grossing superhero origin film. The Big Sick continues to expand well, making $3.6M in just 326 theaters.",movies,https://www.reddit.com/r/movies/comments/6meoa4/box_office_week_spiderman_homecoming_takes_1_with/
Spider-Man: Homecoming,2017-07-05,6lqkql,Official Discussion - Spider-man: Homecoming [SPOILERS],movies,https://www.reddit.com/r/movies/comments/6lqkql/official_discussion_spiderman_homecoming_spoilers/
Spider-Man: Homecoming,2017-07-05,6lu5ov,"The Marvel Cinematic Universe timeline, with new information from Spider-Man: Homecoming",movies,https://www.reddit.com/r/movies/comments/6lu5ov/the_marvel_cinematic_universe_timeline_with_new/
Spider-Man: Homecoming,2017-07-05,6k92x6,Review Megathread - Spider-man: Homecoming,movies,https://www.reddit.com/r/movies/comments/6k92x6/review_megathread_spiderman_homecoming/
Spider-Man: Homecoming,2017-07-05,6nuchw,"Box Office Week: War for the Planet of the Apes opens worse than Dawn but still takes #1 with $56.5M. Spider-man: Homecoming has worst 2nd weekend drop in MCU history, dropping 61% to come in #2 with $45.2M. The Big Sick expands meekly to #5 with $7.6M and Wish Upon bombs opening at #7 with $5.5M.",movies,https://www.reddit.com/r/movies/comments/6nuchw/box_office_week_war_for_the_planet_of_the_apes/
Spider-Man: Homecoming,2017-07-05,6kib93,‘Valerian’ Opening Scene to Play in Theaters in Front of ‘Spider-Man: Homecoming’,movies,http://collider.com/valerian-opening-scene-spider-man-homecoming/
Spider-Man: Homecoming,2017-07-05,6j4ccc,Jennifer Connelly confirmed for Spider-Man: Homecoming,movies,https://www.flickeringmyth.com/2017/06/spoilers-spider-man-homecoming-cast-list-confirms-jennifer-connelly-mystery-roles-and-surprise-villains/
The Substance,2024-09-07,1fl1bpl,Official Discussion - The Substance [SPOILERS],movies,https://www.reddit.com/r/movies/comments/1fl1bpl/official_discussion_the_substance_spoilers/
The Substance,2024-09-07,1flss7g,Official Discussion Megathread (Transformers One / The Substance / Never Let Go / His Three Daughters / Omni Loop),movies,https://www.reddit.com/r/movies/comments/1flss7g/official_discussion_megathread_transformers_one/
The Substance,2024-09-07,1fl1d9c,Official Discussion Megathread (Transformers One / The Substance / Never Let Go),movies,https://www.reddit.com/r/movies/comments/1fl1d9c/official_discussion_megathread_transformers_one/
Batman v Superman: Dawn of Justice,2016-03-23,4bm0h7,Batman v Superman: Dawn of Justice - Movie Review (Chris Stuckmann),movies,https://www.youtube.com/watch?v=JoDGX0b5lzo&feature=youtu.be
Batman v Superman: Dawn of Justice,2016-03-23,4caq6l,Real Deleted scene from Batman v Superman: Dawn of justice. Communion.,movies,https://www.youtube.com/watch?v=s-MUzvASr8s
Batman v Superman: Dawn of Justice,2016-03-23,4ca6v7,"Box Office Week: Batman v Superman: Dawn of Justice dominated the box office, opening with $170 mil domestic and $420 mil worldwide, the best March opening of all time. In counter-programming My Big Fat Greek Wedding 2 (#3, $18.2 mil) and My Name is Dorris (#9, $1.7 mil) do very well.",movies,https://www.reddit.com/r/movies/comments/4ca6v7/box_office_week_batman_v_superman_dawn_of_justice/
Batman v Superman: Dawn of Justice,2016-03-23,4cnoy6,See How DC Comics Writers and Artists Reacted to 'Batman v Superman: Dawn of Justice',movies,http://www.movies.com/movie-news/comic-artists-react-to-batman-v-superman/20351
Batman v Superman: Dawn of Justice,2016-03-23,4aw0st,The soundtrack to Batman v Superman: Dawn of Justice is out now!,movies,https://www.reddit.com/r/movies/comments/4aw0st/the_soundtrack_to_batman_v_superman_dawn_of/
Batman v Superman: Dawn of Justice,2016-03-23,4cv34u,New 'Batman v Superman: Dawn of Justice' Poster,movies,http://i.imgur.com/0r6C8h9.jpg
Batman v Superman: Dawn of Justice,2016-03-23,4c9xe8,"Batman v Superman: Dawn of Justice, currently sits at 29% on Rotten Tomatoes. Do you think the lack of critical acclaim will force DC to make changes with their future releases or will they base their decision of the financial success of the film?",movies,https://www.reddit.com/r/movies/comments/4c9xe8/batman_v_superman_dawn_of_justice_currently_sits/
Batman v Superman: Dawn of Justice,2016-03-23,4b6pxv,"If *Batman v Superman: Dawn of Justice* is successful, Jeremy Irons should reprise his role as a younger Alfred in a television series.",movies,https://www.reddit.com/r/movies/comments/4b6pxv/if_batman_v_superman_dawn_of_justice_is/
Batman v Superman: Dawn of Justice,2016-03-23,49s5nl,"Batman V Superman: Dawn of Justice' Release Date, Spoilers, News & Update: Movie Will Have 'Inception'-Like Scenes, Fans Will Be Kept Hanging",movies,http://www.parentherald.com/articles/26313/20160308/batman-v-superman-dawn-justice-release-date-spoilers-news-update.htm
Batman v Superman: Dawn of Justice,2016-03-23,4cpan2,Sam Strange Remembers: BATMAN V SUPERMAN: DAWN OF JUSTICE,movies,http://birthmoviesdeath.com/2016/03/26/sam-strange-remembers-batman-v-superman-dawn-of-justice
Batman v Superman: Dawn of Justice,2016-03-23,4cf9bp,"""Far From Hollywood"" podcast talks ""Batman v Superman: Dawn of Justice""",movies,http://farfromhollywood.podbean.com/e/batman-v-superman-dawn-of-justice-with-tom-santilli-and-mike-tyrkus/
Batman v Superman: Dawn of Justice,2016-03-23,4bm0h7,Batman v Superman: Dawn of Justice - Movie Review (Chris Stuckmann),movies,https://www.youtube.com/watch?v=JoDGX0b5lzo&feature=youtu.be
Batman v Superman: Dawn of Justice,2016-03-23,4caq6l,Real Deleted scene from Batman v Superman: Dawn of justice. Communion.,movies,https://www.youtube.com/watch?v=s-MUzvASr8s
Batman v Superman: Dawn of Justice,2016-03-23,4ca6v7,"Box Office Week: Batman v Superman: Dawn of Justice dominated the box office, opening with $170 mil domestic and $420 mil worldwide, the best March opening of all time. In counter-programming My Big Fat Greek Wedding 2 (#3, $18.2 mil) and My Name is Dorris (#9, $1.7 mil) do very well.",movies,https://www.reddit.com/r/movies/comments/4ca6v7/box_office_week_batman_v_superman_dawn_of_justice/
Batman v Superman: Dawn of Justice,2016-03-23,4cnoy6,See How DC Comics Writers and Artists Reacted to 'Batman v Superman: Dawn of Justice',movies,http://www.movies.com/movie-news/comic-artists-react-to-batman-v-superman/20351
Batman v Superman: Dawn of Justice,2016-03-23,4aw0st,The soundtrack to Batman v Superman: Dawn of Justice is out now!,movies,https://www.reddit.com/r/movies/comments/4aw0st/the_soundtrack_to_batman_v_superman_dawn_of/
Batman v Superman: Dawn of Justice,2016-03-23,4cv34u,New 'Batman v Superman: Dawn of Justice' Poster,movies,http://i.imgur.com/0r6C8h9.jpg
Batman v Superman: Dawn of Justice,2016-03-23,4c9xe8,"Batman v Superman: Dawn of Justice, currently sits at 29% on Rotten Tomatoes. Do you think the lack of critical acclaim will force DC to make changes with their future releases or will they base their decision of the financial success of the film?",movies,https://www.reddit.com/r/movies/comments/4c9xe8/batman_v_superman_dawn_of_justice_currently_sits/
The Lion King,2019-07-12,cew5fw,Official Discussion: The Lion King (2019) [SPOILERS],movies,https://www.reddit.com/r/movies/comments/cew5fw/official_discussion_the_lion_king_2019_spoilers/
Blade Runner 2049,2017-10-04,74k6lc,Official Discussion: Blade Runner 2049 [SPOILERS],movies,https://www.reddit.com/r/movies/comments/74k6lc/official_discussion_blade_runner_2049_spoilers/
Blade Runner 2049,2017-10-04,75h85u,Guardian article discusses Sean Young's career decline and absence from Blade Runner 2049 - the real Sean Young shows up in comments section to answer fans and haters alike,movies,https://www.theguardian.com/film/2015/mar/26/blade-runner-sean-young-interview
Blade Runner 2049,2017-10-04,76vzh9,"Blade Runner 2049 was a satisfying sequel because it was birthed from an uncompromising love of the source material. Star Wars: The Force Awakens was dissatisfying because while possibly birthed from a love of the source material, that love ultimately had to compromise to meet Disney’s needs.",movies,https://www.reddit.com/r/movies/comments/76vzh9/blade_runner_2049_was_a_satisfying_sequel_because/
Blade Runner 2049,2017-10-04,74f908,[Spoilers] I saw Blade Runner 2049,movies,https://www.reddit.com/r/movies/comments/74f908/spoilers_i_saw_blade_runner_2049/
Blade Runner 2049,2017-10-04,72sf37,Blade Runner 2049 Discussion (Review) - The Adam Savage Project || NO SPOILERS,movies,https://www.youtube.com/watch?v=eQ9F3U3Pax8
Blade Runner 2049,2017-10-04,74mo6v,Hans Zimmer & Benjamin Wallfisch discuss the Blade Runner 2049 score,movies,https://www.youtube.com/watch?v=fzDdJYI1HUM
Blade Runner 2049,2017-10-04,75hxlq,"‘Blade Runner 2049’ Was Never Going to Be a Blockbuster, But It Can Become Something Better: a Cult Classic",movies,http://www.indiewire.com/2017/10/blade-runner-2049-box-office-cult-classic-1201885405/
Blade Runner 2049,2017-10-04,737nzj,Review Megathread: Blade Runner 2049,movies,https://www.reddit.com/r/movies/comments/737nzj/review_megathread_blade_runner_2049/
Blade Runner 2049,2017-10-04,722o2l,Blade Runner 2049’s Theatrical Version is the Director’s Cut,movies,http://screenrant.com/blade-runner-2049-denis-villeneuve-no-director-cut/
Blade Runner 2049,2017-10-04,75wfct,Blade Runner 2049 cinematographer says don't see it in 3D,movies,http://www.digitalspy.com/movies/blade-runner/news/a840247/blade-runner-2049-cinematographer-anti-3d/
Blade Runner 2049,2017-10-04,759tgq,"Box Office Week: Blade Runner 2049 opens at #1 to a very disappointing $31.5M on a budget of $150M. The Mountain Between Us opens at #2 to an okay $10.1M and My Little Pony: The Movie opens to an underwhelming #4 spot with $8.8M. Also, IT becomes the first horror film ever to pass $300M domestic.",movies,https://www.reddit.com/r/movies/comments/759tgq/box_office_week_blade_runner_2049_opens_at_1_to_a/
Blade Runner 2049,2017-10-04,72gj89,Blade Runner 2049 director originally wanted David Bowie for Jared Leto's role.... Denis Villeneuve adds that the singer has influenced the film in many ways.,movies,http://www.digitalspy.com/movies/blade-runner/news/a833882/blade-runner-2049-director-wanted-david-bowie-for-jared-leto-role/
Blade Runner 2049,2017-10-04,771vax,"Warner Brothers For Your Consideration page now online featuring Blade Runner 2049, Dunkirk, Wonder Woman, and The Lego Batman.",movies,http://www.warnerbros2017.com/screenings/
Blade Runner 2049,2017-10-04,75a6y1,"Screenwriter: Mysteries of ""Blade Runner 2049"" were not meant to be answered by sequels",movies,https://io9.gizmodo.com/the-mysteries-of-blade-runner-2049-were-not-meant-to-be-1819277897
Blade Runner 2049,2017-10-04,7639h3,"Between Blade Runner 2049 and Dunkirk, one amazing work of cinematography will be left Oscar-less this year.",movies,https://www.reddit.com/r/movies/comments/7639h3/between_blade_runner_2049_and_dunkirk_one_amazing/
Blade Runner 2049,2017-10-04,76hyhd,The Poetry of Blade Runner 2049 [SPOILERS],movies,http://birthmoviesdeath.com/2017/10/14/the-poetry-of-blade-runner-2049
Blade Runner 2049,2017-10-04,75059t,Half in the Bag: Blade Runner 2049,movies,https://youtu.be/O1Gqjjq1nic
Blade Runner 2049,2017-10-04,757brd,Sedate expectations: will Blade Runner 2049 give birth to the slow-burn blockbuster?,movies,https://www.theguardian.com/film/filmblog/2017/oct/09/blade-runner-2049-slow-burn-blockbusters-denis-villeneuve?CMP=Share_AndroidApp_reddit_is_fun
Blade Runner 2049,2017-10-04,74dyua,Blade Runner 2049 Original Motion Picture Score by Hans Zimmer & Benjamin Wallfisch is finally out!,movies,https://open.spotify.com/album/5kSUsy5FU3Wcxd4DBvXFm4?si=wZGle4Uq
Blade Runner 2049,2017-10-04,7368et,"BLADE RUNNER 2049 - ""Black Out 2022"" Anime Short",movies,https://www.youtube.com/attribution_link?a=OpkjjXOF0Zs&u=%2Fwatch%3Fv%3DrrZk9sSgRyQ%26feature%3Dshare
Blade Runner 2049,2017-10-04,74o5dm,Blade Runner 2049 reviewed by Mark Kermode,movies,https://www.youtube.com/watch?v=ba8OIbWEHQM
Blade Runner 2049,2017-10-04,73i7d9,"I haven't seen this talked about yet, Blade Runner 2049 has one of the strictest critic embargoes ever",movies,https://www.reddit.com/r/movies/comments/73i7d9/i_havent_seen_this_talked_about_yet_blade_runner/
Blade Runner 2049,2017-10-04,75tm0d,‘Blade Runner 2049’ explores humanity in artificial age,movies,http://www.lcctorch.com/2017/10/blade-runner-2049-explores-humanity-in-artificial-age/
Blade Runner 2049,2017-10-04,74gim6,Roger Deakins on ‘Blade Runner 2049’ and That Elusive First Oscar,movies,http://variety.com/2017/film/awards/blade-runner-2049-roger-deakins-interview-1202579857/
Blade Runner 2049,2017-10-04,739z6o,Denis Villeneuve Finally Explains Why Composer Johann Johannsson Left 'Blade Runner 2049',movies,http://theplaylist.net/johann-johannsson-exit-blade-runner-2049-20170929/
Blade Runner 2049,2017-10-04,74qm0k,Director Denis Villeneuve narrates a scene from Blade Runner 2049| Anatomy of a Scene,movies,https://www.youtube.com/watch?v=S75OKnM_BKU
Blade Runner 2049,2017-10-04,72mf9v,"Excellent First reviews for Blade Runner 2049, Early Screenings Have Some Critics Labeling It a Masterpiece",movies,http://www.indiewire.com/2017/09/blade-runner-2049-first-reviews-denis-villenueve-ryan-gosling-1201880372/
Blade Runner 2049,2017-10-04,760g7w,Director's Cut Podcast: Rian Johnson interviews Denis Villeneuve on Blade Runner 2049,movies,https://soundcloud.com/thedirectorscut/episode-96-blade-runner-2049-with-denis-villeneuve-and-rian-johnson
Black Panther,2018-02-13,7xvumf,Official Discussion: Black Panther [SPOILERS],movies,https://www.reddit.com/r/movies/comments/7xvumf/official_discussion_black_panther_spoilers/
Black Panther,2018-02-13,7xaeju,Unofficial Discussion: Black Panther International Release [SPOILERS],movies,https://www.reddit.com/r/movies/comments/7xaeju/unofficial_discussion_black_panther_international/
Black Panther,2018-02-13,7xvp7v,"For those of us who have seen Black Panther; what’d you think? What’d you like, what could be better, what are you excited for from here, and so on..",movies,https://www.reddit.com/r/movies/comments/7xvp7v/for_those_of_us_who_have_seen_black_panther_whatd/
Black Panther,2018-02-13,7yntae,"Box Office Week: Black Panther smashes at #1 with $201M, making it the 2nd best MCU opening ever and the 5th best domestic opening overall. The film is also expected to gross $235M for the four-day weekend. Meanwhile, Early Man (#7, $3.1M) and Samson (#10, $1.9M) flop.",movies,https://www.reddit.com/r/movies/comments/7yntae/box_office_week_black_panther_smashes_at_1_with/
Black Panther,2018-02-13,80gbwi,Disney Donates $1 Million to Youth STEM Program in Celebration of ‘Black Panther’,movies,https://thewaltdisneycompany.com/disney-donates-1-million-youth-stem-program-celebration-black-panther/
Black Panther,2018-02-13,7ua4zb,"As we prepare to celebrate ‘Black Panther,’ let’s not forget ‘Blade’",movies,https://www.washingtonpost.com/news/act-four/wp/2018/01/31/as-we-prepare-to-celebrate-black-panther-lets-not-forget-blade/
Black Panther,2018-02-13,7vove9,Review Megathread: Black Panther,movies,https://www.reddit.com/r/movies/comments/7vove9/review_megathread_black_panther/
Black Panther,2018-02-13,7y8lpc,YMS - Black Panther,movies,https://youtu.be/urBtAEObqoQ
Inside Out 2,2024-06-11,1dfdj6n,Official Discussion - Inside Out 2 [SPOILERS],movies,https://www.reddit.com/r/movies/comments/1dfdj6n/official_discussion_inside_out_2_spoilers/
Inside Out 2,2024-06-11,1dfeawr,"Official Discussion Megathread [Inside Out 2, Tuesday]",movies,https://www.reddit.com/r/movies/comments/1dfeawr/official_discussion_megathread_inside_out_2/
Beauty and the Beast,2017-03-16,5zuxzg,Official Discussion: Beauty and the Beast (2017) [SPOILERS],movies,https://www.reddit.com/r/movies/comments/5zuxzg/official_discussion_beauty_and_the_beast_2017/
Beauty and the Beast,2017-03-16,5zy8tc,"Why are there so many remakes and reboots, such as Beauty and the Beast? Are most of the best stories already told? Is it just easier to work with the nostalgia and existing memories we collectively have already?",movies,https://www.reddit.com/r/movies/comments/5zy8tc/why_are_there_so_many_remakes_and_reboots_such_as/
Beauty and the Beast,2017-03-16,5zm395,The Prince's age in Beauty and the Beast: an incorrect assumption that has gone on for far too long,movies,https://www.reddit.com/r/movies/comments/5zm395/the_princes_age_in_beauty_and_the_beast_an/
Avengers: Endgame,2019-04-24,bh8iei,Official Discussion - Avengers: Endgame [SPOILERS],movies,https://www.reddit.com/r/movies/comments/bh8iei/official_discussion_avengers_endgame_spoilers/
Avengers: Endgame,2019-04-24,bgnl7y,Live Thread - Avengers: Endgame [SPOILERS],movies,https://www.reddit.com/r/movies/comments/bgnl7y/live_thread_avengers_endgame_spoilers/
Avengers: Endgame,2019-04-24,bk33kl,Official Discussion - Avengers: Endgame (2nd Thread) [SPOILERS],movies,https://www.reddit.com/r/movies/comments/bk33kl/official_discussion_avengers_endgame_2nd_thread/
Avengers: Endgame,2019-04-24,bfr4nu,So apparently there's this film called Avengers: Endgame coming out this weekend. I guess a few of you are excited about it so here's what's happening in terms of the official discussion.,movies,https://www.reddit.com/r/movies/comments/bfr4nu/so_apparently_theres_this_film_called_avengers/
Avengers: Endgame,2019-04-24,bh8jn7,"Weekly Official Discussion Megathread (Avengers: Endgame, High Life, Under the Silver Lake)",movies,https://www.reddit.com/r/movies/comments/bh8jn7/weekly_official_discussion_megathread_avengers/
Avengers: Endgame,2019-04-24,bk38qh,"Official Discussion Weekly Megathread (Avengers: Endgame [new thread], Extremely Wicked Shockingly Evil and Vile, The Intruder, Long Shot, UglyDolls)",movies,https://www.reddit.com/r/movies/comments/bk38qh/official_discussion_weekly_megathread_avengers/
Avengers: Endgame,2019-04-24,bgw6zo,"Weekly Official Discussion Megathread (Avengers: Endgame, Under the Silver Lake)",movies,https://www.reddit.com/r/movies/comments/bgw6zo/weekly_official_discussion_megathread_avengers/
Avengers: Endgame,2019-04-24,bkz3bj,"""Avengers: Endgame"" becomes the fifth movie to pass $2B worldwide. Currently it stands at $2.188B making it the second highest grossing film worldwide.",movies,https://www.hollywoodreporter.com/news/box-office-avengers-endgame-passes-titanic-at-global-box-office-22b-1207494
Avengers: Endgame,2019-04-24,bihvw7,"Box Office Week: Avengers: Endgame tops the all time domestic and worldwide opening weekend records set by Avengers: Infinity War, opening to a monumental $350M domestic and $1.2B worldwide. The film is now the 18th highest grossing film of all time after just 3 days.",movies,https://www.reddit.com/r/movies/comments/bihvw7/box_office_week_avengers_endgame_tops_the_all/
Avengers: Endgame,2019-04-24,biwves,Final numbers: ‘Avengers: Endgame’ sets the record for biggest domestic opening of all time at $357.1M and the biggest worldwide opening at $1.22B,movies,https://hnentertainment.co/update-avengers-endgame-surpasses-estimates-as-the-marvel-film-hulked-out-at-the-domestic-box-office-and-earned-357m/
Avengers: Endgame,2019-04-24,bgmhax,Avengers: Endgame Review Megathread,movies,https://www.reddit.com/r/movies/comments/bgmhax/avengers_endgame_review_megathread/
Avengers: Endgame,2019-04-24,bl6vdu,Box Office Week - Avengers: Endgame is #1 again with $145.8M. Worldwide it has passed $2.18B making it the second highest grossing film of all time. The Intruder opens okay at #2 with $11M. Long Shot struggles at #3 with $10M. UglyDolls disappoints at #4 with $8.5M.,movies,https://www.reddit.com/r/movies/comments/bl6vdu/box_office_week_avengers_endgame_is_1_again_with/
Avengers: Endgame,2019-04-24,bkz3bj,"""Avengers: Endgame"" becomes the fifth movie to pass $2B worldwide. Currently it stands at $2.188B making it the second highest grossing film worldwide.",movies,https://www.hollywoodreporter.com/news/box-office-avengers-endgame-passes-titanic-at-global-box-office-22b-1207494
Avengers: Endgame,2019-04-24,bh8iei,Official Discussion - Avengers: Endgame [SPOILERS],movies,https://www.reddit.com/r/movies/comments/bh8iei/official_discussion_avengers_endgame_spoilers/
Avengers: Endgame,2019-04-24,bihvw7,"Box Office Week: Avengers: Endgame tops the all time domestic and worldwide opening weekend records set by Avengers: Infinity War, opening to a monumental $350M domestic and $1.2B worldwide. The film is now the 18th highest grossing film of all time after just 3 days.",movies,https://www.reddit.com/r/movies/comments/bihvw7/box_office_week_avengers_endgame_tops_the_all/
Avengers: Endgame,2019-04-24,biwves,Final numbers: ‘Avengers: Endgame’ sets the record for biggest domestic opening of all time at $357.1M and the biggest worldwide opening at $1.22B,movies,https://hnentertainment.co/update-avengers-endgame-surpasses-estimates-as-the-marvel-film-hulked-out-at-the-domestic-box-office-and-earned-357m/
Avengers: Endgame,2019-04-24,bgnl7y,Live Thread - Avengers: Endgame [SPOILERS],movies,https://www.reddit.com/r/movies/comments/bgnl7y/live_thread_avengers_endgame_spoilers/
Avengers: Endgame,2019-04-24,bgmhax,Avengers: Endgame Review Megathread,movies,https://www.reddit.com/r/movies/comments/bgmhax/avengers_endgame_review_megathread/
Avengers: Endgame,2019-04-24,bk33kl,Official Discussion - Avengers: Endgame (2nd Thread) [SPOILERS],movies,https://www.reddit.com/r/movies/comments/bk33kl/official_discussion_avengers_endgame_2nd_thread/
Avengers: Endgame,2019-04-24,bl6vdu,Box Office Week - Avengers: Endgame is #1 again with $145.8M. Worldwide it has passed $2.18B making it the second highest grossing film of all time. The Intruder opens okay at #2 with $11M. Long Shot struggles at #3 with $10M. UglyDolls disappoints at #4 with $8.5M.,movies,https://www.reddit.com/r/movies/comments/bl6vdu/box_office_week_avengers_endgame_is_1_again_with/
Red One,2024-10-31,1gl2gpf,'Red One' Review Thread,movies,https://www.reddit.com/r/movies/comments/1gl2gpf/red_one_review_thread/
Red One,2024-10-31,1godnib,Red One,movies,https://www.reddit.com/r/movies/comments/1godnib/red_one/
Interstellar,2014-11-05,2lbvpl,Official Discussion: Interstellar (Early Release) [SPOILERS],movies,https://www.reddit.com/r/movies/comments/2lbvpl/official_discussion_interstellar_early_release/
Interstellar,2014-11-05,2ljk71,Official Discussion: Interstellar (Wide Release) [SPOILERS],movies,https://www.reddit.com/r/movies/comments/2ljk71/official_discussion_interstellar_wide_release/
Interstellar,2014-11-05,2mchd5,Official Discussion: Interstellar (Latecomer Thread) [SPOILERS],movies,https://www.reddit.com/r/movies/comments/2mchd5/official_discussion_interstellar_latecomer_thread/
Interstellar,2014-11-05,2l699g,"Important message on the upcoming Interstellar official discussions. Yes, there will be more than one.",movies,https://www.reddit.com/r/movies/comments/2l699g/important_message_on_the_upcoming_interstellar/
Interstellar,2014-11-05,2lu5o9,Discussion to list 'Interstellar' plot holes,movies,https://www.reddit.com/r/movies/comments/2lu5o9/discussion_to_list_interstellar_plot_holes/
Interstellar,2014-11-05,2lnleu,Discuss the bad parts of Interstellar (spoilers),movies,https://www.reddit.com/r/movies/comments/2lnleu/discuss_the_bad_parts_of_interstellar_spoilers/
Interstellar,2014-11-05,2lrsv5,Interstellar Theory and Discussion [SPOILERS],movies,https://www.reddit.com/r/movies/comments/2lrsv5/interstellar_theory_and_discussion_spoilers/
Interstellar,2014-11-05,2llwpd,Are there no non-spoiler Interstellar discussions?,movies,https://www.reddit.com/r/movies/comments/2llwpd/are_there_no_nonspoiler_interstellar_discussions/
Interstellar,2014-11-05,2mm7bg,An interstellar angle I haven't seen discussed - curious what your thoughts are.,movies,https://www.reddit.com/r/movies/comments/2mm7bg/an_interstellar_angle_i_havent_seen_discussed/
Interstellar,2014-11-05,2lots9,Interstellar Writer Jonathan Nolan Discusses Interstellar Spoilers,movies,http://www.ign.com/articles/2014/11/08/jonathan-nolan-interstellar-spoilers?abthid=545e532e82a6187010000003
Interstellar,2014-11-05,2ltn9f,"SPOILERS!!! ""Interstellar topic of discussion""",movies,https://www.reddit.com/r/movies/comments/2ltn9f/spoilers_interstellar_topic_of_discussion/
Interstellar,2014-11-05,2lii43,Can we get some spoiler-free impressions of Interstellar going?,movies,https://www.reddit.com/r/movies/comments/2lii43/can_we_get_some_spoilerfree_impressions_of/
Interstellar,2014-11-05,2m0ltj,INTERSTELLAR: Too much exposition?,movies,https://www.reddit.com/r/movies/comments/2m0ltj/interstellar_too_much_exposition/
Interstellar,2014-11-05,2louwc,Things I didnt like about Interstellar. (SPOILERS INCLUDED),movies,https://www.reddit.com/r/movies/comments/2louwc/things_i_didnt_like_about_interstellar_spoilers/
Interstellar,2014-11-05,2lu9qk,Addressing a major point of contention in Interstellar,movies,https://www.reddit.com/r/movies/comments/2lu9qk/addressing_a_major_point_of_contention_in/
Interstellar,2014-11-05,2lzhmg,"SPOILER ALERT: Interstellar sucks ass, save your money.",movies,https://www.reddit.com/r/movies/comments/2lzhmg/spoiler_alert_interstellar_sucks_ass_save_your/
Interstellar,2014-11-05,2mf9l1,Interstellar's Ending and 2001: A Space Odyssey,movies,https://www.reddit.com/r/movies/comments/2mf9l1/interstellars_ending_and_2001_a_space_odyssey/
Interstellar,2014-11-05,2lq43c,Up close and personal pictures with the Ranger spacecraft from 'Interstellar' at the Steven F. Udvar-Hazy Center in Chantilly Virginia,movies,https://www.reddit.com/r/movies/comments/2lq43c/up_close_and_personal_pictures_with_the_ranger/
Star Wars: The Last Jedi,2017-12-13,7klyni,"Box Office Week: Star Wars: The Last Jedi has the second highest opening weekend of all time, opening at #1 with $220M, as well as opening to $450M worldwide. Meanwhile, Ferdinand could not compete with the worst Blue Sky Animation opening ever at #2 with $13.3M",movies,https://www.reddit.com/r/movies/comments/7klyni/box_office_week_star_wars_the_last_jedi_has_the/
Star Wars: The Last Jedi,2017-12-13,7m1owj,"Box Office: ""Star Wars: The Last Jedi"" was #1 again this weekend with $68M. However, that marks a massive 68% drop from last weekend, the steepest drop-off ever for a Star Wars film.",movies,http://www.boxofficemojo.com/news/?id=4355&p=.htm
Star Wars: The Last Jedi,2017-12-13,7jc6mu,Review Megathread - Star Wars: The Last Jedi,movies,https://www.reddit.com/r/movies/comments/7jc6mu/review_megathread_star_wars_the_last_jedi/
Star Wars: The Last Jedi,2017-12-13,7jg0rq,"NASA Confirms Astronauts Will Watch 'Star Wars: The Last Jedi' in Space: ""Can confirm the crew will be able to watch it on orbit.""",movies,https://www.inverse.com/article/39339-star-wars-the-last-jedi-nasa-astronauts-iss
Star Wars: The Last Jedi,2017-12-13,7m1owj,"Box Office: ""Star Wars: The Last Jedi"" was #1 again this weekend with $68M. However, that marks a massive 68% drop from last weekend, the steepest drop-off ever for a Star Wars film.",movies,http://www.boxofficemojo.com/news/?id=4355&p=.htm
Star Wars: The Last Jedi,2017-12-13,7klyni,"Box Office Week: Star Wars: The Last Jedi has the second highest opening weekend of all time, opening at #1 with $220M, as well as opening to $450M worldwide. Meanwhile, Ferdinand could not compete with the worst Blue Sky Animation opening ever at #2 with $13.3M",movies,https://www.reddit.com/r/movies/comments/7klyni/box_office_week_star_wars_the_last_jedi_has_the/
Guardians of the Galaxy Vol. 2,2017-04-19,679svd,Official Discussion: Guardians of the Galaxy Vol. 2 [SPOILERS] (International Thread),movies,https://www.reddit.com/r/movies/comments/679svd/official_discussion_guardians_of_the_galaxy_vol_2/
Guardians of the Galaxy Vol. 2,2017-04-19,677jip,Review Megathread: Guardians of the Galaxy Vol. 2,movies,https://www.reddit.com/r/movies/comments/677jip/review_megathread_guardians_of_the_galaxy_vol_2/
Guardians of the Galaxy Vol. 2,2017-04-19,6736z4,[Spotify] Guardians of the Galaxy Vol. 2 – Awesome Mixtape Vol. 2,movies,https://open.spotify.com/user/1166630242/playlist/6uE959Pz1Ii5JdLzZgsu6I
Guardians of the Galaxy Vol. 2,2017-04-19,654gwb,Guardians of the Galaxy Vol. 2 Releasing Two Weeks Early In Australia?,movies,https://www.reddit.com/r/movies/comments/654gwb/guardians_of_the_galaxy_vol_2_releasing_two_weeks/
Guardians of the Galaxy Vol. 2,2017-04-19,682zmv,Guardians Of The Galaxy Vol. 2 reviewed by Mark Kermode,movies,https://www.youtube.com/watch?v=hNwsPcGsLLc
Jurassic World: Fallen Kingdom,2018-06-06,8pa372,Official Discussion - Jurassic World: Fallen Kingdom (International Thread) [SPOILERS],movies,https://www.reddit.com/r/movies/comments/8pa372/official_discussion_jurassic_world_fallen_kingdom/
Jurassic World: Fallen Kingdom,2018-06-06,8q9r9d,"Box Office Week: Ocean's 8 takes #1 with a very good $41.5M, a franchise best. Hereditary surprises with the highest A24 opening ever at #4 with $13M. Hotel Artemis bombs at #8 with just $3.1M. Overseas, Jurassic World: Fallen Kingdom opens to $151.1M, half the overseas opening of Jurassic World.",movies,https://www.reddit.com/r/movies/comments/8q9r9d/box_office_week_oceans_8_takes_1_with_a_very_good/
Jurassic World: Fallen Kingdom,2018-06-06,8ovqpu,'Jurassic World: Fallen Kingdom' - Review Thread,movies,https://www.reddit.com/r/movies/comments/8ovqpu/jurassic_world_fallen_kingdom_review_thread/
Jurassic World: Fallen Kingdom,2018-06-06,8owm1g,Jurassic World: Fallen Kingdom,movies,https://www.reddit.com/r/movies/comments/8owm1g/jurassic_world_fallen_kingdom/
Jurassic World: Fallen Kingdom,2018-06-06,8oud2w,'Jurassic World: Fallen Kingdom' critic review roundup,movies,https://mashable.com/2018/06/05/jurassic-world-fallen-kingdom-review-roundup/?utm_cid=mash-com-Tw-main-link#rDy.KrpKbaq5
Jurassic World: Fallen Kingdom,2018-06-06,8pfh0i,"Listen to Michael Giacchino's Very Intense, Very Different 'Jurassic World: Fallen Kingdom' 'Theme'",movies,http://www.slashfilm.com/fallen-kingdom-theme/#more-489154
Jurassic World: Fallen Kingdom,2018-06-06,8q9r9d,"Box Office Week: Ocean's 8 takes #1 with a very good $41.5M, a franchise best. Hereditary surprises with the highest A24 opening ever at #4 with $13M. Hotel Artemis bombs at #8 with just $3.1M. Overseas, Jurassic World: Fallen Kingdom opens to $151.1M, half the overseas opening of Jurassic World.",movies,https://www.reddit.com/r/movies/comments/8q9r9d/box_office_week_oceans_8_takes_1_with_a_very_good/
Jurassic World: Fallen Kingdom,2018-06-06,8pa372,Official Discussion - Jurassic World: Fallen Kingdom (International Thread) [SPOILERS],movies,https://www.reddit.com/r/movies/comments/8pa372/official_discussion_jurassic_world_fallen_kingdom/
Jurassic World: Fallen Kingdom,2018-06-06,8ovqpu,'Jurassic World: Fallen Kingdom' - Review Thread,movies,https://www.reddit.com/r/movies/comments/8ovqpu/jurassic_world_fallen_kingdom_review_thread/
The Maze Runner,2014-09-10,2gtkn0,Official Discussion: The Maze Runner [SPOILERS],movies,https://www.reddit.com/r/movies/comments/2gtkn0/official_discussion_the_maze_runner_spoilers/
Thor: Ragnarok,2017-10-02,71nfkh,Thor: Ragnarok isn't being shown in IMAX at any cineworld cinemas? (UK),movies,https://www.reddit.com/r/movies/comments/71nfkh/thor_ragnarok_isnt_being_shown_in_imax_at_any/
Kong: Skull Island,2017-03-08,5yjq4s,Official Discussion - Kong: Skull Island [SPOILERS],movies,https://www.reddit.com/r/movies/comments/5yjq4s/official_discussion_kong_skull_island_spoilers/
Kong: Skull Island,2017-03-08,5zgo4b,(Spoliers)[Discussion] An alternative view on Kong: Skull Island...,movies,https://www.reddit.com/r/movies/comments/5zgo4b/spoliersdiscussion_an_alternative_view_on_kong/
Kong: Skull Island,2017-03-08,5zu2ch,"Team Yume Podcast: ""Rember Happy Day"" (A discussion on ""Kong: Skull Island"")",movies,https://www.youtube.com/attribution_link?a=4RNRxXtjebk&u=%2Fwatch%3Fv%3DHd1npkk_bng%26feature%3Dshare
Kong: Skull Island,2017-03-08,5y9y4o,"I am Jordan Vogt-Roberts, director of the film KONG: SKULL ISLAND, and I’m here to answer all your questions about everything! AMA!",movies,https://www.reddit.com/r/movies/comments/5y9y4o/i_am_jordan_vogtroberts_director_of_the_film_kong/
Kong: Skull Island,2017-03-08,5x6gvg,Kong: Skull Island - Review Megathread,movies,https://www.reddit.com/r/movies/comments/5x6gvg/kong_skull_island_review_megathread/
Kong: Skull Island,2017-03-08,5zley2,"I’m Jeff White, Visual Effects Supervisor on KONG: SKULL ISLAND, and I’m here to answer your questions, AMA!",movies,https://www.reddit.com/r/movies/comments/5zley2/im_jeff_white_visual_effects_supervisor_on_kong/
Kong: Skull Island,2017-03-08,5x0kad,Saw an advanced screening of Kong: Skull Island (Spoiler Free),movies,https://www.reddit.com/r/movies/comments/5x0kad/saw_an_advanced_screening_of_kong_skull_island/
Kong: Skull Island,2017-03-08,5yoboy,‘Dunkirk’ Prologue Is Playing with IMAX Showings of ‘Kong: Skull Island’,movies,http://www.slashfilm.com/dunkirk-prologue-playing-with-kong-skull-island/
Kong: Skull Island,2017-03-08,5y0lxl,I feel so bad for Kong: Skull Island. I imagine it was the wrong time to release the movie with Logan and TBatB flanking it.,movies,https://www.reddit.com/r/movies/comments/5y0lxl/i_feel_so_bad_for_kong_skull_island_i_imagine_it/
Kong: Skull Island,2017-03-08,5whw11,Kong: Skull Island - Rise of the King [Official Final Trailer],movies,https://youtu.be/44LdLqgOpjo
Kong: Skull Island,2017-03-08,5zd41a,'Metal Gear' Creator on Why 'Kong: Skull Island' Redefines Monster Movies,movies,http://www.rollingstone.com/culture/hideo-kojima-kong-skull-island-redefines-monster-movies-w471880
Kong: Skull Island,2017-03-08,5ykz4i,"""KONG: Skull island (2017)"" premiere in Ho Chi Minh city, Vietnam (where they shot the film) was deep in fire (yesterday, by accident).",movies,https://i.redd.it/8f749zp0ijky.jpg
Kong: Skull Island,2017-03-08,60j7hp,Got mixed messages from star power in Kong: Skull Island,movies,https://www.reddit.com/r/movies/comments/60j7hp/got_mixed_messages_from_star_power_in_kong_skull/
Kong: Skull Island,2017-03-08,5za022,"‘Kong: Skull Island,’ ‘Logan’ and Why March Is Kicking Off Summer Blockbuster Season",movies,http://variety.com/2017/film/box-office/kong-skull-island-box-office-logan-2-1202007302/
Kong: Skull Island,2017-03-08,5x1ac8,I just got back from an early screening of Kong: Skull Island. AMA?,movies,https://www.reddit.com/r/movies/comments/5x1ac8/i_just_got_back_from_an_early_screening_of_kong/
Kong: Skull Island,2017-03-08,5ynfir,Mark Kermode reviews Kong: Skull Island,movies,https://www.youtube.com/watch?v=b-3zcvZTH7M
Kong: Skull Island,2017-03-08,5zsv9l,New 'Kong: Skull Island' concept art reveals 'The Host'-inspired villain designs and creatures that got cut from the film,movies,https://www.inverse.com/article/29116-kong-skull-island-concept-creature-art-designs-unused-monsters
Kong: Skull Island,2017-03-08,5vgtpy,Kong: Skull Island Movie CLIP - Is That a Monkey? (2017) - Brie Larson Movie,movies,https://www.youtube.com/watch?v=V7nZWWTbJb8
Kong: Skull Island,2017-03-08,5wmcgh,Kong: Skull Island - Rise of the King [Official Final Trailer],movies,https://www.youtube.com/watch?v=44LdLqgOpjo
Kong: Skull Island,2017-03-08,5zcatn,Kong: Skull Island is king of the UK box office.,movies,https://www.theguardian.com/film/filmblog/2017/mar/14/kong-skull-island-tops-uk-box-office-logan-lego-batman-movie?CMP=twt_a-film_b-gdnfilm
Kong: Skull Island,2017-03-08,5wi1t6,Kong: Skull Island - Rise of the King [Official Final Trailer],movies,https://www.youtube.com/watch?v=44LdLqgOpjo
Kong: Skull Island,2017-03-08,5vngfo,"KONG: SKULL ISLAND - ""Graveyard"" Clip",movies,https://youtu.be/lBOL1g62og4
Kong: Skull Island,2017-03-08,5wotsa,Kong: Skull Island – Skull Island 360 Experience,movies,https://www.youtube.com/watch?v=SI_b2cWceVo&feature=youtu.be
Kong: Skull Island,2017-03-08,5yjq4s,Official Discussion - Kong: Skull Island [SPOILERS],movies,https://www.reddit.com/r/movies/comments/5yjq4s/official_discussion_kong_skull_island_spoilers/
Kong: Skull Island,2017-03-08,5y9y4o,"I am Jordan Vogt-Roberts, director of the film KONG: SKULL ISLAND, and I’m here to answer all your questions about everything! AMA!",movies,https://www.reddit.com/r/movies/comments/5y9y4o/i_am_jordan_vogtroberts_director_of_the_film_kong/
Kong: Skull Island,2017-03-08,5x6gvg,Kong: Skull Island - Review Megathread,movies,https://www.reddit.com/r/movies/comments/5x6gvg/kong_skull_island_review_megathread/
Kong: Skull Island,2017-03-08,5zley2,"I’m Jeff White, Visual Effects Supervisor on KONG: SKULL ISLAND, and I’m here to answer your questions, AMA!",movies,https://www.reddit.com/r/movies/comments/5zley2/im_jeff_white_visual_effects_supervisor_on_kong/
Kong: Skull Island,2017-03-08,5x0kad,Saw an advanced screening of Kong: Skull Island (Spoiler Free),movies,https://www.reddit.com/r/movies/comments/5x0kad/saw_an_advanced_screening_of_kong_skull_island/
Wonder Woman,2017-05-30,6erigc,Official Discussion - Wonder Woman [SPOILERS],movies,https://www.reddit.com/r/movies/comments/6erigc/official_discussion_wonder_woman_spoilers/
Wonder Woman,2017-05-30,6e4zna,WONDER WOMAN review megathread,movies,https://www.reddit.com/r/movies/comments/6e4zna/wonder_woman_review_megathread/
Wonder Woman,2017-05-30,6fpqnx,Wonder Woman at 93% on RT kind of baffles me. A discussion about the merits of the film.,movies,https://www.reddit.com/r/movies/comments/6fpqnx/wonder_woman_at_93_on_rt_kind_of_baffles_me_a/
Wonder Woman,2017-05-30,6gd0qi,"(Wonder Woman) I am terrible with accents. Does Gal Gadot have an Israeli accent in her films, and the rest of the Amazons molded their accents after hers for continuity? Or is it a legit foreign accent heard nowhere in the world?",movies,https://www.reddit.com/r/movies/comments/6gd0qi/wonder_woman_i_am_terrible_with_accents_does_gal/
Wonder Woman,2017-05-30,6ejclu,"Similar other filmmakers that r/movies love, Patty Jenkins shot ""Wonder Woman"" in 35mm...",movies,https://www.reddit.com/r/movies/comments/6ejclu/similar_other_filmmakers_that_rmovies_love_patty/
Wonder Woman,2017-05-30,6fedwg,"Box Office Week: Wonder Woman smashes predictions opening at #1 with $100.5M domestic and $223M worldwide, setting multiple opening weekend records for a female director. Meanwhile Captain Underpants: The First Epic Movie opens to a weak #2 with $23.5M but cost only $38M to make.",movies,https://www.reddit.com/r/movies/comments/6fedwg/box_office_week_wonder_woman_smashes_predictions/
Wonder Woman,2017-05-30,6evi0w,Patty Jenkins Officially Back For Wonder Woman 2,movies,http://screenrant.com/wonder-woman-2-patty-jenkins-director-setting/
Wonder Woman,2017-05-30,6gc5mp,"I am Patty Jenkins, director of ""Monster"" and ""Wonder Woman"". AMA!",movies,https://www.reddit.com/r/movies/comments/6gc5mp/i_am_patty_jenkins_director_of_monster_and_wonder/
Wonder Woman,2017-05-30,6d7ixb,Just got home from a Wonder Woman screener,movies,https://www.reddit.com/r/movies/comments/6d7ixb/just_got_home_from_a_wonder_woman_screener/
Wonder Woman,2017-05-30,6f7yen,Legal Complaints Filed Over Alamo Drafthouse Female-Only Wonder Woman Screenings.,movies,http://www.vulture.com/2017/06/complaints-filed-over-female-only-wonder-woman-screenings.html
Wonder Woman,2017-05-30,6gsfj2,"Box Office Week: Wonder Woman has incredible 2nd weekend at #1 with $57.1M, dropping just 45%. The Mummy opens to a terrible $32.2M in US, but has largest opening ever for Tom Cruise overseas, $141.8M. It Comes At Night opens to weak #6 with $6M and scores an awful D rating on Cinemascore.",movies,https://www.reddit.com/r/movies/comments/6gsfj2/box_office_week_wonder_woman_has_incredible_2nd/
Dark Phoenix,2019-06-05,bxi6qu,Official Discussion: Dark Phoenix [SPOILERS],movies,https://www.reddit.com/r/movies/comments/bxi6qu/official_discussion_dark_phoenix_spoilers/
Dark Phoenix,2019-06-05,bxhsga,"Official Discussion Weekly Megathread (Always Be My Maybe, Dark Phoenix, The Secret Life of Pets 2,",movies,https://www.reddit.com/r/movies/comments/bxhsga/official_discussion_weekly_megathread_always_be/
Dark Phoenix,2019-06-05,bwz9bo,'Dark Phoenix' Review Thread,movies,https://www.reddit.com/r/movies/comments/bwz9bo/dark_phoenix_review_thread/
Dark Phoenix,2019-06-05,c0pyut,"In a surprising interview Simon Kinberg, the director and writer of X-Men film Dark Phoenix, went on the podcast The Business to talk honestly about the film's massive financial failure, the troubled production, and it's weird limbo state between Fox and Disney.",movies,https://www.kcrw.com/culture/shows/the-business/director-simon-kinberg-on-the-dark-fate-of-dark-phoenix/the-business-exclusive-simon-kinberg-on-the-dark-fate-of-dark-phoenix
Dark Phoenix,2019-06-05,c1nm37,"Box Office Week: Another rough summer weekend as Men in Black International takes #1 with a weak $28.5M. Shaft (2019) bombs opening at #6 with $8.3M. Late Night has a bad wide release debut at #9 with $5.1M. Dark Phoenix has awful second weekend, dropping 72% to come in with just $9M.",movies,https://www.reddit.com/r/movies/comments/c1nm37/box_office_week_another_rough_summer_weekend_as/
Dark Phoenix,2019-06-05,byybkj,"""We Were Wrong"": Behind Fox's 'Dark Phoenix' Debacle",movies,https://www.hollywoodreporter.com/heat-vision/we-were-wrong-behind-dark-phoenix-foxs-dismal-x-men-franchise-finale-plans-1216859
Dark Phoenix,2019-06-05,byn1bp,"Box Office Week: A disappointing summer weekend as Secret Life of Pets 2 underwhelms at #1 with $47.1M, more than half the opening of the first film. Dark Phoenix has the lowest opening of the X-Men franchise with a disastrous $33M debut at #2 on a $200M budget.",movies,https://www.reddit.com/r/movies/comments/byn1bp/box_office_week_a_disappointing_summer_weekend_as/
Dark Phoenix,2019-06-05,byybqk,Half in the Bag: Godzilla: King of the Monsters and Dark Phoenix,movies,https://youtu.be/Uu9JFs-Dmb0
Dark Phoenix,2019-06-05,bs6vo4,"Dark Phoenix | ""Chopper Fight"" Clip | 20th Century FOX",movies,https://youtu.be/w_6gkkZeGe0
Dark Phoenix,2019-06-05,bx4w3d,"People who have actually seen Dark Phoenix, what did you think?",movies,https://www.reddit.com/r/movies/comments/bx4w3d/people_who_have_actually_seen_dark_phoenix_what/
Dark Phoenix,2019-06-05,c0hl10,"Dark Phoenix is by no means a masterpiece, but it's massively better than Captain Marvel.",movies,https://www.reddit.com/r/movies/comments/c0hl10/dark_phoenix_is_by_no_means_a_masterpiece_but_its/
Dark Phoenix,2019-06-05,bycceo,Seeing Dark Phoenix in 4DX?,movies,https://www.reddit.com/r/movies/comments/bycceo/seeing_dark_phoenix_in_4dx/
Dark Phoenix,2019-06-05,bx0drb,Can I watch Dark Phoenix without seeing any of the new X-men films??,movies,https://www.reddit.com/r/movies/comments/bx0drb/can_i_watch_dark_phoenix_without_seeing_any_of/
Dark Phoenix,2019-06-05,bscs7q,Simon Kinberg Talks That Death In New ‘Dark Phoenix’ Trailer & Giving “Closure” Fox’s ‘X-Men’ Franchise,movies,https://theplaylist.net/simon-kinberg-death-dark-phoenix-20190228/
Transformers: The Last Knight,2017-06-16,6iit8a,Official Discussion - Transformers: The Last Knight [SPOILERS],movies,https://www.reddit.com/r/movies/comments/6iit8a/official_discussion_transformers_the_last_knight/
Transformers: The Last Knight,2017-06-16,6j8srp,A notice about the aspect ratio in Transformers: The Last Knight,movies,https://i.redd.it/ocgs2oa56m5z.jpg
Transformers: The Last Knight,2017-06-16,6j1qo2,Transformers: The Last Knight reviewed by Mark Kermode,movies,https://youtu.be/1ee6xh5AmQo
Transformers: The Last Knight,2017-06-16,6jugrj,"Has Michael Bay Fallen Out of Love With the Military in 'Transformers: The Last Knight'? Amid the cacophony of Transformers: The Last Knight, one thing stands out as strange: The soldiers are the villains.",movies,https://www.theatlantic.com/entertainment/archive/2017/06/has-michael-bay-fallen-out-of-love-with-the-military/531759/
Transformers: The Last Knight,2017-06-16,6i5y10,Transformers: The Last Knight - Hot Rod Clip,movies,https://www.youtube.com/watch?v=uED8CYDB7e4&feature=youtu.be
Transformers: The Last Knight,2017-06-16,6iq9ef,In depth Transformers: The Last Knight movie Review (spoiler and spoiler free),movies,https://www.reddit.com/r/movies/comments/6iq9ef/in_depth_transformers_the_last_knight_movie/
Transformers: The Last Knight,2017-06-16,6jv7if,This io9 summary of the 'Transformers: the last knight' plot is absolutely glorious,movies,http://io9.gizmodo.com/transformers-the-last-knight-the-spoiler-faq-1796409426
Transformers: The Last Knight,2017-06-16,6jhc68,3 Reasons Why ‘Transformers: The Last Knight’ Folded at the Domestic Box Office,movies,http://variety.com/2017/tv/news/transformers-the-last-knight-box-office-analysis-1202477930/
Transformers: The Last Knight,2017-06-16,6hj6ny,Transformers: The Last Knight confirmed to be 2 hours & 29 minutes,movies,http://comicbook.com/movies/2017/06/15/transformers-5-runtime-length-official
Transformers: The Last Knight,2017-06-16,6g4rwm,Transformers: The Last Knight - Chaos | Paramount Pictures,movies,https://www.youtube.com/watch?v=oVpTDKYNxXE
Transformers: The Last Knight,2017-06-16,6irz1p,Transformers: The Last Knight review – as tinnitus-inducingly pointless as ever,movies,https://www.theguardian.com/film/2017/jun/21/transformers-the-last-knight-review-as-tinnitus-inducingly-pointless-as-ever-michael-bay
Transformers: The Last Knight,2017-06-16,6ihy9l,‘Transformers: The Last Knight’ Review,movies,http://screencrush.com/transformers-the-last-knight-review/
Transformers: The Last Knight,2017-06-16,6izg03,TRANSFORMERS: THE LAST KNIGHT - Movie Review in 1 Minute,movies,https://youtu.be/gmdoBa9m0_4
Transformers: The Last Knight,2017-06-16,6imsls,"‘Transformers: The Last Knight’ Review: Badder, and Therefore Better",movies,http://variety.com/2017/film/reviews/transformers-the-last-knight-review-mark-wahlberg-1202470295/
Transformers: The Last Knight,2017-06-16,6iwcww,Transformers: The Last Knight(with shia lebeouf),movies,https://youtu.be/y30HH4f0_mw
Transformers: The Last Knight,2017-06-16,6k406w,20 things that actually happen in Transformers: The Last Knight,movies,https://youtu.be/FZXopZjBYo8?t=1m25s
Transformers: The Last Knight,2017-06-16,6iri8q,Who is Transformers: The Last Knight's Unicron?,movies,http://comicbook.com/movies/2017/06/22/who-is-transformers-the-last-knights-unicron-/
Transformers: The Last Knight,2017-06-16,6isqqd,'Transformers: The Last Knight': That Baffling End-Credits Scene Explain...,movies,https://www.youtube.com/attribution_link?a=VBs2chH02ZA&u=%2Fwatch%3Fv%3DzzYHxhCcRe8%26feature%3Dshare
Transformers: The Last Knight,2017-06-16,6gytwl,"Transformers: The Last Knight ""Bumblebee"" Spot",movies,http://portfolios.risd.edu/gallery/53616469/Bumblebee
Transformers: The Last Knight,2017-06-16,6j8srp,A notice about the aspect ratio in Transformers: The Last Knight,movies,https://i.redd.it/ocgs2oa56m5z.jpg
Transformers: The Last Knight,2017-06-16,6iit8a,Official Discussion - Transformers: The Last Knight [SPOILERS],movies,https://www.reddit.com/r/movies/comments/6iit8a/official_discussion_transformers_the_last_knight/
The Accountant,2016-10-13,57e1ec,Official Discussion: The Accountant [SPOILERS],movies,https://www.reddit.com/r/movies/comments/57e1ec/official_discussion_the_accountant_spoilers/
The Accountant,2016-10-13,57bpzi,"I really hope audiences' opinions of ""The Accountant"" are better than the critics'",movies,https://www.reddit.com/r/movies/comments/57bpzi/i_really_hope_audiences_opinions_of_the/
Avatar: The Way of Water,2022-12-14,zn4cfq,Official Discussion - Avatar: The Way of Water [SPOILERS],movies,https://www.reddit.com/r/movies/comments/zn4cfq/official_discussion_avatar_the_way_of_water/
Avatar: The Way of Water,2022-12-14,zt52bd,Official Discussion Megathread (Avatar: The Way of Water / The Whale / Puss In Boots: The Last Wish / Babylon / Night at the Museum: Kahmunrah Rises Again),movies,https://www.reddit.com/r/movies/comments/zt52bd/official_discussion_megathread_avatar_the_way_of/
Avatar: The Way of Water,2022-12-14,zr8gif,Official Discussion Megathread (Avatar: The Way of Water / The Whale),movies,https://www.reddit.com/r/movies/comments/zr8gif/official_discussion_megathread_avatar_the_way_of/
Avatar: The Way of Water,2022-12-14,zl1917,'Avatar: The Way of Water' Review Thread,movies,https://www.reddit.com/r/movies/comments/zl1917/avatar_the_way_of_water_review_thread/
Avatar: The Way of Water,2022-12-14,zgbq4l,"""Avatar: The Way of Water"" early reactions/reviews thread",movies,https://variety.com/2022/film/news/avatar-2-first-reactions-james-cameron-masterpiece-1235451389/
Avatar: The Way of Water,2022-12-14,zhia2x,Open Caption Screenings of Avatar: The Way of Water on Opening Weekend,movies,https://www.reddit.com/r/movies/comments/zhia2x/open_caption_screenings_of_avatar_the_way_of/
Avatar: The Way of Water,2022-12-14,z9pujj,"Do you have any plans to see ""Avatar: The Way of Water"" with open captions?",movies,https://www.reddit.com/r/movies/comments/z9pujj/do_you_have_any_plans_to_see_avatar_the_way_of/
Avatar: The Way of Water,2022-12-14,zn4cfq,Official Discussion - Avatar: The Way of Water [SPOILERS],movies,https://www.reddit.com/r/movies/comments/zn4cfq/official_discussion_avatar_the_way_of_water/
Avatar: The Way of Water,2022-12-14,zl1917,'Avatar: The Way of Water' Review Thread,movies,https://www.reddit.com/r/movies/comments/zl1917/avatar_the_way_of_water_review_thread/
Avatar: The Way of Water,2022-12-14,zgbq4l,"""Avatar: The Way of Water"" early reactions/reviews thread",movies,https://variety.com/2022/film/news/avatar-2-first-reactions-james-cameron-masterpiece-1235451389/
Avatar: The Way of Water,2022-12-14,zn4cfq,Official Discussion - Avatar: The Way of Water [SPOILERS],movies,https://www.reddit.com/r/movies/comments/zn4cfq/official_discussion_avatar_the_way_of_water/
Avatar: The Way of Water,2022-12-14,zt52bd,Official Discussion Megathread (Avatar: The Way of Water / The Whale / Puss In Boots: The Last Wish / Babylon / Night at the Museum: Kahmunrah Rises Again),movies,https://www.reddit.com/r/movies/comments/zt52bd/official_discussion_megathread_avatar_the_way_of/
Avatar: The Way of Water,2022-12-14,zr8gif,Official Discussion Megathread (Avatar: The Way of Water / The Whale),movies,https://www.reddit.com/r/movies/comments/zr8gif/official_discussion_megathread_avatar_the_way_of/
Avatar: The Way of Water,2022-12-14,zl1917,'Avatar: The Way of Water' Review Thread,movies,https://www.reddit.com/r/movies/comments/zl1917/avatar_the_way_of_water_review_thread/
Avatar: The Way of Water,2022-12-14,zgbq4l,"""Avatar: The Way of Water"" early reactions/reviews thread",movies,https://variety.com/2022/film/news/avatar-2-first-reactions-james-cameron-masterpiece-1235451389/
Avatar: The Way of Water,2022-12-14,zhia2x,Open Caption Screenings of Avatar: The Way of Water on Opening Weekend,movies,https://www.reddit.com/r/movies/comments/zhia2x/open_caption_screenings_of_avatar_the_way_of/
Avatar: The Way of Water,2022-12-14,z9pujj,"Do you have any plans to see ""Avatar: The Way of Water"" with open captions?",movies,https://www.reddit.com/r/movies/comments/z9pujj/do_you_have_any_plans_to_see_avatar_the_way_of/
Avatar: The Way of Water,2022-12-14,zn4cfq,Official Discussion - Avatar: The Way of Water [SPOILERS],movies,https://www.reddit.com/r/movies/comments/zn4cfq/official_discussion_avatar_the_way_of_water/
Avatar: The Way of Water,2022-12-14,zl1917,'Avatar: The Way of Water' Review Thread,movies,https://www.reddit.com/r/movies/comments/zl1917/avatar_the_way_of_water_review_thread/
Avatar: The Way of Water,2022-12-14,zgbq4l,"""Avatar: The Way of Water"" early reactions/reviews thread",movies,https://variety.com/2022/film/news/avatar-2-first-reactions-james-cameron-masterpiece-1235451389/
The Avengers,2012-04-25,t6jb8,The Avengers spoiler filled discussion; critiques are welcome,movies,https://www.reddit.com/r/movies/comments/t6jb8/the_avengers_spoiler_filled_discussion_critiques/
The Avengers,2012-04-25,tdded,The Avengers (first) post credits scene discussion *SPOILERS INSIDE*,movies,https://www.reddit.com/r/movies/comments/tdded/the_avengers_first_post_credits_scene_discussion/
The Avengers,2012-04-25,tbmks,"Marvel's Kevin Feige Discusses THE AVENGERS 2, The Skrulls, and CAPTAIN AMERICA 2",movies,http://geektyrant.com/news/2012/5/7/marvels-kevin-feige-discusses-the-avengers-2-the-skrulls-and.html
Bad Boys: Ride or Die,2024-06-05,1da01o1,Official Discussion- Bad Boys: Ride or Die [SPOILERS],movies,https://www.reddit.com/r/movies/comments/1da01o1/official_discussion_bad_boys_ride_or_die_spoilers/
Bad Boys: Ride or Die,2024-06-05,1dan4lc,Official Discussion Megathread (Bad Boys: Ride or Die / The Watchers / In a Violent Nature),movies,https://www.reddit.com/r/movies/comments/1dan4lc/official_discussion_megathread_bad_boys_ride_or/
Bad Boys: Ride or Die,2024-06-05,1daelqp,Can 'Bad Boys: Ride or Die' Jump-Start Will Smith's Comeback?,movies,https://www.hollywoodreporter.com/movies/movie-news/can-bad-boys-ride-or-die-will-smith-1235916189/
Bad Boys: Ride or Die,2024-06-05,1da01o1,Official Discussion- Bad Boys: Ride or Die [SPOILERS],movies,https://www.reddit.com/r/movies/comments/1da01o1/official_discussion_bad_boys_ride_or_die_spoilers/
Bad Boys: Ride or Die,2024-06-05,1daelqp,Can 'Bad Boys: Ride or Die' Jump-Start Will Smith's Comeback?,movies,https://www.hollywoodreporter.com/movies/movie-news/can-bad-boys-ride-or-die-will-smith-1235916189/
Bad Boys: Ride or Die,2024-06-05,1dan4lc,Official Discussion Megathread (Bad Boys: Ride or Die / The Watchers / In a Violent Nature),movies,https://www.reddit.com/r/movies/comments/1dan4lc/official_discussion_megathread_bad_boys_ride_or/
Spider-Man: No Way Home,2021-12-15,ri7eum,Official Discussion - Spider-Man: No Way Home [SPOILERS],movies,https://www.reddit.com/r/movies/comments/ri7eum/official_discussion_spiderman_no_way_home_spoilers/
Spider-Man: No Way Home,2021-12-15,rnopfd,Official Discussion Megathread (Nightmare Alley / Spider-Man: No Way Home / Red Rocket / The King's Man / Sing 2 / The Matrix Resurrections / Don't Look Up / Licorice Pizza),movies,https://www.reddit.com/r/movies/comments/rnopfd/official_discussion_megathread_nightmare_alley/
Spider-Man: No Way Home,2021-12-15,rg4u29,Spider-Man: No Way Home Critic Reviews Megathread,movies,https://www.reddit.com/r/movies/comments/rg4u29/spiderman_no_way_home_critic_reviews_megathread/
Spider-Man: No Way Home,2021-12-15,rh7ptq,"If you don't want ""Spider-Man: No Way Home"" spoiled for you, get off of Reddit until you've seen it",movies,https://www.reddit.com/r/movies/comments/rh7ptq/if_you_dont_want_spiderman_no_way_home_spoiled/
Spider-Man: No Way Home,2021-12-15,ri7eum,Official Discussion - Spider-Man: No Way Home [SPOILERS],movies,https://www.reddit.com/r/movies/comments/ri7eum/official_discussion_spiderman_no_way_home_spoilers/
Spider-Man: No Way Home,2021-12-15,rg4u29,Spider-Man: No Way Home Critic Reviews Megathread,movies,https://www.reddit.com/r/movies/comments/rg4u29/spiderman_no_way_home_critic_reviews_megathread/
Dunkirk,2017-07-19,6ol0kp,Official Discussion: Dunkirk [SPOILERS],movies,https://www.reddit.com/r/movies/comments/6ol0kp/official_discussion_dunkirk_spoilers/
Dunkirk,2017-07-19,6p8prp,"Box Office Week: Dunkirk opens to a very strong $50.5M, Girls Trip surprises opening at #2 with $30.3M, Valerian bombs opening at #5 with $17M on a budget of $209M, and Wonder Woman ($389M) passes Guardians of the Galaxy Vol. 2's domestic gross ($387M) becoming the 2nd highest grossing film of 2017",movies,https://www.reddit.com/r/movies/comments/6p8prp/box_office_week_dunkirk_opens_to_a_very_strong/
Dunkirk,2017-07-19,6mxv82,Pumped for a Dunkirk preview screening + extended introduction from Nolan himself,movies,https://www.reddit.com/r/movies/comments/6mxv82/pumped_for_a_dunkirk_preview_screening_extended/
Back in Action,2025-01-15,1i4wcxi,Back in Action on Netflix,movies,https://www.reddit.com/r/movies/comments/1i4wcxi/back_in_action_on_netflix/
Alien: Romulus,2024-08-13,1etd3cf,Official Discussion - Alien: Romulus [SPOILERS],movies,https://www.reddit.com/r/movies/comments/1etd3cf/official_discussion_alien_romulus_spoilers/
Alien: Romulus,2024-08-13,1etd5ca,Official Discussion Megathread (Alien: Romulus / Jackpot! / Sing Sing),movies,https://www.reddit.com/r/movies/comments/1etd5ca/official_discussion_megathread_alien_romulus/
Alien: Romulus,2024-08-13,1es9ugh,'Alien: Romulus' Review Thread,movies,https://www.reddit.com/r/movies/comments/1es9ugh/alien_romulus_review_thread/
Alien: Romulus,2024-08-13,1eosg6j,New poster for ‘ALIEN: ROMULUS.’ ,movies,https://i.redd.it/1vemzxv14uhd1.jpeg
Alien: Romulus,2024-08-13,1efxbpe,New posters for “Alien: Romulus”,movies,https://imgur.com/a/w6vtZtw
Alien: Romulus,2024-08-13,1eyym4j,Four Favorites with Ridley Scott and Fede Álvarez (Alien: Romulus),movies,https://youtu.be/SJbFhzNphPI?si=DvHJ-H9diBbnWkDB
Alien: Romulus,2024-08-13,1eo33mi,"Interview with Fede Alvarez for Alien: Romulus (Evolution of the Xenomorph, the legacy of the Alien franchise and more)",movies,https://www.youtube.com/watch?v=bGF2AoWxm_s
Alien: Romulus,2024-08-13,1es9ugh,'Alien: Romulus' Review Thread,movies,https://www.reddit.com/r/movies/comments/1es9ugh/alien_romulus_review_thread/
Alien: Romulus,2024-08-13,1etd3cf,Official Discussion - Alien: Romulus [SPOILERS],movies,https://www.reddit.com/r/movies/comments/1etd3cf/official_discussion_alien_romulus_spoilers/
Alien: Romulus,2024-08-13,1eosg6j,New poster for ‘ALIEN: ROMULUS.’ ,movies,https://i.redd.it/1vemzxv14uhd1.jpeg
Alien: Romulus,2024-08-13,1efxbpe,New posters for “Alien: Romulus”,movies,https://imgur.com/a/w6vtZtw
Baywatch,2017-05-25,6de4el,Official Discussion: Baywatch [SPOILERS],movies,https://www.reddit.com/r/movies/comments/6de4el/official_discussion_baywatch_spoilers/
Baywatch,2017-05-25,6e1pr2,"Pirates of the Caribbean 5 takes #1 with a mediocre $77M for holiday weekend, but does well overseas, Baywatch bombs opening at #3 with $23M, and Alien: Covenant drops 70% to #4 with $13.1M. Also Beauty and the Beast passes $500M domestic and Fate of the Furious passes $1B in international sales.",movies,https://www.reddit.com/r/movies/comments/6e1pr2/pirates_of_the_caribbean_5_takes_1_with_a/
John Wick: Chapter 4,2023-03-22,1205lx8,Official Discussion - John Wick: Chapter 4 [SPOILERS],movies,https://www.reddit.com/r/movies/comments/1205lx8/official_discussion_john_wick_chapter_4_spoilers/
John Wick: Chapter 4,2023-03-22,1205taf,Official Discussion Megathread (John Wick: Chapter 4 / A Good Person / Inside / Boston Strangler),movies,https://www.reddit.com/r/movies/comments/1205taf/official_discussion_megathread_john_wick_chapter/
John Wick: Chapter 4,2023-03-22,11qvy7c,John Wick: Chapter 4 - Review Thread,movies,https://www.reddit.com/r/movies/comments/11qvy7c/john_wick_chapter_4_review_thread/
John Wick: Chapter 4,2023-03-22,121zp82,‘John Wick: Chapter 4’: How Keanu Reeves’ Stunt Double Became Hollywood’s Hottest Action Director,movies,https://www.rollingstone.com/tv-movies/tv-movie-features/john-wick-chapter-4-chad-stahelski-keanu-reeves-stuntman-lance-reddick-rina-sawayama-1234702125/
John Wick: Chapter 4,2023-03-22,1205lx8,Official Discussion - John Wick: Chapter 4 [SPOILERS],movies,https://www.reddit.com/r/movies/comments/1205lx8/official_discussion_john_wick_chapter_4_spoilers/
John Wick: Chapter 4,2023-03-22,11qvy7c,John Wick: Chapter 4 - Review Thread,movies,https://www.reddit.com/r/movies/comments/11qvy7c/john_wick_chapter_4_review_thread/
John Wick: Chapter 4,2023-03-22,121zp82,‘John Wick: Chapter 4’: How Keanu Reeves’ Stunt Double Became Hollywood’s Hottest Action Director,movies,https://www.rollingstone.com/tv-movies/tv-movie-features/john-wick-chapter-4-chad-stahelski-keanu-reeves-stuntman-lance-reddick-rina-sawayama-1234702125/
Spectre,2015-10-26,3rq1vq,Official Discussion: Spectre [SPOILERS],movies,https://www.reddit.com/r/movies/comments/3rq1vq/official_discussion_spectre_spoilers/
Spectre,2015-10-26,3qsd4d,Official Discussion: Spectre (UK release) [SPOILERS],movies,https://www.reddit.com/r/movies/comments/3qsd4d/official_discussion_spectre_uk_release_spoilers/
Spectre,2015-10-26,3qcdac,UK Discussion: Spectre [SPOILERS],movies,https://www.reddit.com/r/movies/comments/3qcdac/uk_discussion_spectre_spoilers/
Spectre,2015-10-26,3rtk8e,Reconciling Spectre with previous Craig Bond films (SPOILERS),movies,https://www.reddit.com/r/movies/comments/3rtk8e/reconciling_spectre_with_previous_craig_bond/
Spectre,2015-10-26,3qydkg,Casino Royale. Skyfall. Just a few thoughts in light of the upcoming film Spectre (x/truefilm),movies,https://www.reddit.com/r/movies/comments/3qydkg/casino_royale_skyfall_just_a_few_thoughts_in/
Fast X,2023-05-17,13lhz0c,Official Discussion - Fast X [SPOILERS],movies,https://www.reddit.com/r/movies/comments/13lhz0c/official_discussion_fast_x_spoilers/
Fast X,2023-05-17,13lhzz6,Official Discussion Megathread (Fast X / Master Gardener / The Starling Girl),movies,https://www.reddit.com/r/movies/comments/13lhzz6/official_discussion_megathread_fast_x_master/
Fast X,2023-05-17,13k753h,'Fast X' Review Thread,movies,https://www.reddit.com/r/movies/comments/13k753h/fast_x_review_thread/
Fast X,2023-05-17,13jai48,Fast X Director Initially Worried He Would Kill Franchise,movies,https://moviesdusk.com/fast-x-director-initially-worried-he-would-kill-franchise/
Fast X,2023-05-17,13ng5s5,Where and why did the “Fast and Furious” franchise become what it has become? **NO SPOILERS FOR FAST X**,movies,https://www.reddit.com/r/movies/comments/13ng5s5/where_and_why_did_the_fast_and_furious_franchise/
Fast X,2023-05-17,13tmkoi,Fast X is the Infinity War of the Fast and Furious franchise,movies,https://www.reddit.com/r/movies/comments/13tmkoi/fast_x_is_the_infinity_war_of_the_fast_and/
Fast X,2023-05-17,13m9ujn,What Fast & Furious to watch before Fast X?,movies,https://www.reddit.com/r/movies/comments/13m9ujn/what_fast_furious_to_watch_before_fast_x/
Fast X,2023-05-17,13gecef,Fast x - little toretto just kill people,movies,https://youtu.be/mP5T1lSpuII
Fast X,2023-05-17,13ijh2c,‘Fast X’ Clip — Deckard and Han,movies,https://www.youtube.com/watch?v=OnFcDwkjJ34
Fast X,2023-05-17,13gptb0,FAST X | Official New Trailer - SHS,movies,https://shsbilisim.com/fast-x-official-trailer-2/
Fast X,2023-05-17,13n5haw,"'Fast X' director talks reshooting 'Fast Five' scenes, how they came up with the cliffhanger ending, and one character's surprising return",movies,https://www.insider.com/fast-x-louis-leterrier-interview-2023-5?utm_source=reddit&utm_medium=social&utm_campaign=insider-movies-sub-post
Fast X,2023-05-17,13frf0h,Fast X Premiere In Rome (live),movies,https://www.youtube.com/live/uJuNJ7U8mw8?feature=share
The Revenant,2015-12-25,3zz6c3,Official Discussion: The Revenant [SPOILERS],movies,https://www.reddit.com/r/movies/comments/3zz6c3/official_discussion_the_revenant_spoilers/
The Revenant,2015-12-25,3ynksq,Author of The Revenant source novel banned from talking about film - American ambassador Michael Punke is unable to discuss the much-praised film adaption of his book due to his role with the World Trade Organisation.,movies,http://www.theguardian.com/film/2015/dec/28/author-of-the-revenant--novel-banned-from-talking-about-film
The Revenant,2015-12-25,3xtsff,"Fukunaga, Deakins & Lubezki Discuss Cinematography On 'Beasts of No Nation,' 'Sicario' & 'The Revenant'",movies,http://deadline.com/2015/12/cary-fukunaga-roger-deakins-emmanuel-lubezki-cinematography-oscars-revenant-sicario-beasts-of-no-nation-1201668813/
The Revenant,2015-12-25,3xzd6s,About That Bear: Alejandro G. Iñárritu Discusses Making ‘The Revenant’,movies,http://nyti.ms/1O7LL6l
Glass,2019-01-16,agxbsx,Official Discussion: Glass [SPOILERS],movies,https://www.reddit.com/r/movies/comments/agxbsx/official_discussion_glass_spoilers/
Glass,2019-01-16,agxew2,Weekly Official Discussion Megathread (Glass / Dragon Ball Super: Broly),movies,https://www.reddit.com/r/movies/comments/agxew2/weekly_official_discussion_megathread_glass/
Glass,2019-01-16,acpg2g,M. Night Shyamalan’s 'Glass' to Screen at Alamo Drafthouses 6 Days Before National Release (January 12),movies,https://ew.com/movies/2019/01/04/glass-alamo-drafthouse/
Glass,2019-01-16,ajzsqv,Saw Glass tonight. My thoughts.,movies,https://www.reddit.com/r/movies/comments/ajzsqv/saw_glass_tonight_my_thoughts/
Glass,2019-01-16,aj4n84,Glass (Movie): Things To Know Before Watching (no spoilers!),movies,https://www.reddit.com/r/movies/comments/aj4n84/glass_movie_things_to_know_before_watching_no/
Glass,2019-01-16,ag9xnq,"Saw Glass early, here are my thoughts (spoilers obviously)",movies,https://www.reddit.com/r/movies/comments/ag9xnq/saw_glass_early_here_are_my_thoughts_spoilers/
Smile 2,2024-10-16,1g67i3a,Official Discussion - Smile 2 [SPOILERS],movies,https://www.reddit.com/r/movies/comments/1g67i3a/official_discussion_smile_2_spoilers/
Smile 2,2024-10-16,1g7iauc,Official Discussion Megathread (Smile 2 / We Live in Time / Woman of the Hour / Brothers / The Shadow Strays),movies,https://www.reddit.com/r/movies/comments/1g7iauc/official_discussion_megathread_smile_2_we_live_in/
Smile 2,2024-10-16,1g67is0,Official Discussion Megathrad (Smile 2 / We Live in Time),movies,https://www.reddit.com/r/movies/comments/1g67is0/official_discussion_megathrad_smile_2_we_live_in/
Smile 2,2024-10-16,1g6ng34,Should I watch Smile before watching Smile 2?,movies,https://www.reddit.com/r/movies/comments/1g6ng34/should_i_watch_smile_before_watching_smile_2/
Smile 2,2024-10-16,1ge4135,What was the thing on fire at the beginning of Smile 2?,movies,https://www.reddit.com/r/movies/comments/1ge4135/what_was_the_thing_on_fire_at_the_beginning_of/
Smile 2,2024-10-16,1g5qvlb,Smile 2 Final Trailer ,movies,https://youtu.be/FU_bAopCcSE?si=y2ROoq_rWCVTorq0
Smile 2,2024-10-16,1ful0zh,/r/movies Giveaway - 10 Free Tickets to a Special Pre-Screening of 'Smile 2' on Thursday 10/10 at AMC Century City in LA,movies,https://www.reddit.com/r/movies/comments/1ful0zh/rmovies_giveaway_10_free_tickets_to_a_special/
The Electric State,2025-03-07,1jbkncc,Official Discussion - The Electric State [SPOILERS],movies,https://www.reddit.com/r/movies/comments/1jbkncc/official_discussion_the_electric_state_spoilers/
The Electric State,2025-03-07,1jbko1j,Official Discussion Megathread (Novocaine / Black Bag / Opus / The Day the Earth Blew Up: A Looney Tunes Movie / Queen of the Ring / The Electric State),movies,https://www.reddit.com/r/movies/comments/1jbko1j/official_discussion_megathread_novocaine_black/
Nosferatu,2024-12-25,1hmffh4,Official Discussion - Nosferatu (2024) [SPOILERS],movies,https://www.reddit.com/r/movies/comments/1hmffh4/official_discussion_nosferatu_2024_spoilers/
Nosferatu,2024-12-25,1hmfpsf,Official Discussion Megathread (Nosferatu / a Complete Unknown / Babygirl / The Fire Inside / The Order),movies,https://www.reddit.com/r/movies/comments/1hmfpsf/official_discussion_megathread_nosferatu_a/
Nosferatu,2024-12-25,1hsvqaz,Official Discussion Megathread (Wallace & Gromit: Vengeance Most Fowl / Nightbitch / Nosferatu / a Complete Unknown / Babygirl / The Fire Inside / The Order),movies,https://www.reddit.com/r/movies/comments/1hsvqaz/official_discussion_megathread_wallace_gromit/
Dune: Part Two,2024-02-27,1b3jo9s,Official Discussion - Dune: Part Two [SPOILERS],movies,https://www.reddit.com/r/movies/comments/1b3jo9s/official_discussion_dune_part_two_spoilers/
Dune: Part Two,2024-02-27,1b5rv5r,Official Discussion Megathread (Dune: Part Two / Spaceman / Megamind vs. The Doom Syndicate),movies,https://www.reddit.com/r/movies/comments/1b5rv5r/official_discussion_megathread_dune_part_two/
Dune: Part Two,2024-02-27,1awh3v2,Dune: Part Two - Review Thread,movies,https://www.reddit.com/r/movies/comments/1awh3v2/dune_part_two_review_thread/
Dune: Part Two,2024-02-27,1ayfsij,Dune: Part Two - Soundtrack Suite,movies,https://www.youtube.com/watch?v=2qsOK3I8xK4
Dune: Part Two,2024-02-27,1b3jo9s,Official Discussion - Dune: Part Two [SPOILERS],movies,https://www.reddit.com/r/movies/comments/1b3jo9s/official_discussion_dune_part_two_spoilers/
Dune: Part Two,2024-02-27,1awh3v2,Dune: Part Two - Review Thread,movies,https://www.reddit.com/r/movies/comments/1awh3v2/dune_part_two_review_thread/
Kingsman: The Golden Circle,2017-09-20,71o1s0,Official Discussion: Kingsman: The Golden Circle,movies,https://www.reddit.com/r/movies/comments/71o1s0/official_discussion_kingsman_the_golden_circle/
Kingsman: The Golden Circle,2017-09-20,72d0vf,"Box Office Week: Kingsman: The Golden Circle comes in #1 with a solid $39M while The LEGO Ninjago Movie flops at #3 with $21.5M, $30M less than LEGO Batman's opening. Meanwhile IT has grossed $266.3M domestic, beating The Exorcist ($232.9M) as the highest grossing R-rated horror film ever.",movies,https://www.reddit.com/r/movies/comments/72d0vf/box_office_week_kingsman_the_golden_circle_comes/
Kingsman: The Golden Circle,2017-09-20,70y177,Kingsman: The Golden Circle Review Megathread,movies,https://www.reddit.com/r/movies/comments/70y177/kingsman_the_golden_circle_review_megathread/
Kingsman: The Golden Circle,2017-09-20,73wsxz,"Box Office Week: In a very tight race Kingsman: The Golden Circle holds on to #1 with $16.9M, while American Made comes in at disappointing #3 with $16.7M. Also Flatliners bombs at #5 with $6.7M and IT passes The Exorcist in worldwide gross ($555.5M), making it highest grossing R-rated horror film.",movies,https://www.reddit.com/r/movies/comments/73wsxz/box_office_week_in_a_very_tight_race_kingsman_the/
Kingsman: The Golden Circle,2017-09-20,71s1hb,Kingsman: The Golden Circle reviewed by Mark Kermode,movies,https://www.youtube.com/watch?v=lT5gvtf74DE
Kingsman: The Golden Circle,2017-09-20,7100ow,Saw an advanced screening of Kingsman: The Golden Circle!,movies,https://www.reddit.com/r/movies/comments/7100ow/saw_an_advanced_screening_of_kingsman_the_golden/
Kingsman: The Golden Circle,2017-09-20,709zh9,Exclusive (Ellen): ‘Kingsman: The Golden Circle’ Trailer,movies,https://youtu.be/77Zl9QeTuGE
Kingsman: The Golden Circle,2017-09-20,71ez5t,A little musical detail I noticed in 'Kingsman: The Golden Circle'...,movies,https://www.reddit.com/r/movies/comments/71ez5t/a_little_musical_detail_i_noticed_in_kingsman_the/
Kingsman: The Golden Circle,2017-09-20,727c65,Any chance Kingsman: The Golden Circle soundtrack will be getting a vinyl LP release?,movies,https://www.reddit.com/r/movies/comments/727c65/any_chance_kingsman_the_golden_circle_soundtrack/
Kingsman: The Golden Circle,2017-09-20,72d0vf,"Box Office Week: Kingsman: The Golden Circle comes in #1 with a solid $39M while The LEGO Ninjago Movie flops at #3 with $21.5M, $30M less than LEGO Batman's opening. Meanwhile IT has grossed $266.3M domestic, beating The Exorcist ($232.9M) as the highest grossing R-rated horror film ever.",movies,https://www.reddit.com/r/movies/comments/72d0vf/box_office_week_kingsman_the_golden_circle_comes/
Kingsman: The Golden Circle,2017-09-20,71o1s0,Official Discussion: Kingsman: The Golden Circle,movies,https://www.reddit.com/r/movies/comments/71o1s0/official_discussion_kingsman_the_golden_circle/
Kingsman: The Golden Circle,2017-09-20,70y177,Kingsman: The Golden Circle Review Megathread,movies,https://www.reddit.com/r/movies/comments/70y177/kingsman_the_golden_circle_review_megathread/
Kingsman: The Golden Circle,2017-09-20,73wsxz,"Box Office Week: In a very tight race Kingsman: The Golden Circle holds on to #1 with $16.9M, while American Made comes in at disappointing #3 with $16.7M. Also Flatliners bombs at #5 with $6.7M and IT passes The Exorcist in worldwide gross ($555.5M), making it highest grossing R-rated horror film.",movies,https://www.reddit.com/r/movies/comments/73wsxz/box_office_week_in_a_very_tight_race_kingsman_the/
Kingsman: The Golden Circle,2017-09-20,71s1hb,Kingsman: The Golden Circle reviewed by Mark Kermode,movies,https://www.youtube.com/watch?v=lT5gvtf74DE
Kingsman: The Golden Circle,2017-09-20,7100ow,Saw an advanced screening of Kingsman: The Golden Circle!,movies,https://www.reddit.com/r/movies/comments/7100ow/saw_an_advanced_screening_of_kingsman_the_golden/
Kingsman: The Golden Circle,2017-09-20,709zh9,Exclusive (Ellen): ‘Kingsman: The Golden Circle’ Trailer,movies,https://youtu.be/77Zl9QeTuGE
Captain Marvel,2019-03-06,ay9785,Official Discussion: Captain Marvel [SPOILERS],movies,https://www.reddit.com/r/movies/comments/ay9785/official_discussion_captain_marvel_spoilers/
Captain Marvel,2019-03-06,az8ftw,Weekly Official Discussion (Apollo 11 / Captain Marvel),movies,https://www.reddit.com/r/movies/comments/az8ftw/weekly_official_discussion_apollo_11_captain/
Captain Marvel,2019-03-06,azqtaf,"Box Office Week: Captain Marvel opens at #1 to a massive $153M domestic and $455M worldwide, the 6th largest worldwide opening ever.",movies,https://www.reddit.com/r/movies/comments/azqtaf/box_office_week_captain_marvel_opens_at_1_to_a/
Captain Marvel,2019-03-06,axm2mu,Review Megathread: Captain Marvel,movies,https://www.reddit.com/r/movies/comments/axm2mu/review_megathread_captain_marvel/
Captain Marvel,2019-03-06,b2hnih,"Box Office Week: Captain Marvel is #1 again with $69.3M, passing $250M domestic and $750M worldwide. Meanwhile, Wonder Park opens to a weak #2 with $16M on a $100M budget, Five Feet Apart opens solid at #3 with $13.1M, and Captive State bombs at #7 with $3.1M.",movies,https://www.reddit.com/r/movies/comments/b2hnih/box_office_week_captain_marvel_is_1_again_with/
The Girl on the Train,2016-10-05,56973x,Official Discussion: The Girl on the Train [SPOILERS],movies,https://www.reddit.com/r/movies/comments/56973x/official_discussion_the_girl_on_the_train_spoilers/
Kung Fu Panda 4,2024-03-02,1b9dddv,Official Discussion - Kung Fu Panda 4 [SPOILERS],movies,https://www.reddit.com/r/movies/comments/1b9dddv/official_discussion_kung_fu_panda_4_spoilers/
Kung Fu Panda 4,2024-03-02,1ba24rt,Official Discussion Megathread (Kung Fu Panda 4 / Imaginary / Damsel / Ricky Stanicky),movies,https://www.reddit.com/r/movies/comments/1ba24rt/official_discussion_megathread_kung_fu_panda_4/
Wicked,2024-11-20,1gwxxy1,Official Discussion - Wicked: Part I [SPOILERS],movies,https://www.reddit.com/r/movies/comments/1gwxxy1/official_discussion_wicked_part_i_spoilers/
Wicked,2024-11-20,1gwxy96,Official Discussion Megathread (Gladiator II / Wicked: Part I),movies,https://www.reddit.com/r/movies/comments/1gwxy96/official_discussion_megathread_gladiator_ii/
Wicked,2024-11-20,1h0uf7h,Official Discussion Megathread (Gladiator II / Wicked: Part I / Moana 2),movies,https://www.reddit.com/r/movies/comments/1h0uf7h/official_discussion_megathread_gladiator_ii/
Transformers One,2024-09-11,1fl1beu,Official Discussion - Transformers One [SPOILERS],movies,https://www.reddit.com/r/movies/comments/1fl1beu/official_discussion_transformers_one_spoilers/
Transformers One,2024-09-11,1flss7g,Official Discussion Megathread (Transformers One / The Substance / Never Let Go / His Three Daughters / Omni Loop),movies,https://www.reddit.com/r/movies/comments/1flss7g/official_discussion_megathread_transformers_one/
Transformers One,2024-09-11,1fl1d9c,Official Discussion Megathread (Transformers One / The Substance / Never Let Go),movies,https://www.reddit.com/r/movies/comments/1fl1d9c/official_discussion_megathread_transformers_one/
Transformers One,2024-09-11,1ff3566,'Transformers One' Review Thread,movies,https://www.reddit.com/r/movies/comments/1ff3566/transformers_one_review_thread/
Black Widow,2021-07-07,oglqv8,Official Discussion - Black Widow [SPOILERS],movies,https://www.reddit.com/r/movies/comments/oglqv8/official_discussion_black_widow_spoilers/
Black Widow,2021-07-07,ohaazv,Official Discussion Megathread (Werewolves Within / Black Widow / Fear Street Part 2: 1978),movies,https://www.reddit.com/r/movies/comments/ohaazv/official_discussion_megathread_werewolves_within/
Black Widow,2021-07-07,oglsaf,Official Discussion Megathread (Werewolves Within / Black Widow),movies,https://www.reddit.com/r/movies/comments/oglsaf/official_discussion_megathread_werewolves_within/
Black Widow,2021-07-07,oacfcy,Official poster for Black Widow,movies,https://i.redd.it/udbp7y99k8871.jpg
Black Widow,2021-07-07,oaerkg,Black Widow: Critic Reviews Megathread,movies,https://www.reddit.com/r/movies/comments/oaerkg/black_widow_critic_reviews_megathread/
Black Widow,2021-07-07,obpubb,Cate Shortland Tried to Turn Down the Job of Directing ‘Black Widow.’ So Scarlett Johansson Called Her on Zoom.,movies,https://variety.com/2021/film/news/cate-shortland-black-widow-scarlett-johansson-1235008158/
Black Widow,2021-07-07,onmtp2,Movie theater group criticizes Disney for releasing ‘Black Widow’ in theaters and streaming at same time,movies,https://www.cnbc.com/2021/07/19/movie-theaters-blast-disney-for-releasing-black-widow-in-theaters-and-streaming-.html
Bone Tomahawk,2015-10-23,3qsdqt,Official Discussion: Bone Tomahawk [SPOILERS],movies,https://www.reddit.com/r/movies/comments/3qsdqt/official_discussion_bone_tomahawk_spoilers/
Bone Tomahawk,2015-10-23,3pxdav,"Bone Tomahawk, the other Kurt Russell western came out today...",movies,https://www.reddit.com/r/movies/comments/3pxdav/bone_tomahawk_the_other_kurt_russell_western_came/
Bone Tomahawk,2015-10-23,3q9qe8,Bone Tomahawk,movies,https://www.reddit.com/r/movies/comments/3q9qe8/bone_tomahawk/
Bone Tomahawk,2015-10-23,3pyxbn,Just finished watching Bone Tomahawk... WHAT THE FUCK,movies,https://www.reddit.com/r/movies/comments/3pyxbn/just_finished_watching_bone_tomahawk_what_the_fuck/
Bone Tomahawk,2015-10-23,3r6dp1,Just watched Bone Tomahawk. Need suggestions on how I erase that image from my mind. You know the image...,movies,https://www.reddit.com/r/movies/comments/3r6dp1/just_watched_bone_tomahawk_need_suggestions_on/
Bone Tomahawk,2015-10-23,3qa1vr,Bone Tomahawk: A Gory Good Horror Story,movies,http://birthmoviesdeath.com/2015/10/23/bone-tomahawk-review-a-gory-good-horror-western
Bone Tomahawk,2015-10-23,3qsy7n,Bone Tomahawk was a great and intense movie!,movies,https://www.reddit.com/r/movies/comments/3qsy7n/bone_tomahawk_was_a_great_and_intense_movie/
Bone Tomahawk,2015-10-23,3ow4ru,BONE TOMAHAWK - 5 New Character Posters,movies,http://entertainment-factor.blogspot.com/2015/10/bone-tomahawk-character-posters.html
Bone Tomahawk,2015-10-23,3puamw,"Collider Interview w/Kurt Russell. Bone Tomahawk, Hateful Eight, and more.",movies,http://collider.com/kurt-russell-bone-tomahawk-hateful-8-interview/
Spider-Man: Across the Spider-Verse,2023-05-31,13y03dr,Official Discussion - Spider-Man: Across the Spider-Verse [SPOILERS],movies,https://www.reddit.com/r/movies/comments/13y03dr/official_discussion_spiderman_across_the/
Spider-Man: Across the Spider-Verse,2023-05-31,13y08ix,Official Discussion Megathread (Spider-Man: Across the Spider-Verse / The Boogeyman),movies,https://www.reddit.com/r/movies/comments/13y08ix/official_discussion_megathread_spiderman_across/
Spider-Man: Across the Spider-Verse,2023-05-31,13wlx9x,Spider-Man: Across the Spider-Verse - Review Thread,movies,https://www.reddit.com/r/movies/comments/13wlx9x/spiderman_across_the_spiderverse_review_thread/
Spider-Man: Across the Spider-Verse,2023-05-31,13l4io2,Official Character Posters for 'Spider-Man: Across the Spider-Verse',movies,https://imgur.com/a/QJkNnNb
Spider-Man: Across the Spider-Verse,2023-05-31,13y03dr,Official Discussion - Spider-Man: Across the Spider-Verse [SPOILERS],movies,https://www.reddit.com/r/movies/comments/13y03dr/official_discussion_spiderman_across_the/
Spider-Man: Across the Spider-Verse,2023-05-31,13wlx9x,Spider-Man: Across the Spider-Verse - Review Thread,movies,https://www.reddit.com/r/movies/comments/13wlx9x/spiderman_across_the_spiderverse_review_thread/
Spider-Man: Across the Spider-Verse,2023-05-31,13l4io2,Official Character Posters for 'Spider-Man: Across the Spider-Verse',movies,https://imgur.com/a/QJkNnNb
Underworld: Blood Wars,2016-11-24,5g401t,Underworld: Blood Wars Review - Not nearly as bad as I was expecting it to be,movies,https://tldrmoviereviews.com/2016/12/02/movie-review-underworld-blood-wars/
Underworld: Blood Wars,2016-11-24,5ezg5k,Can 'Underworld: Blood Wars' be watched without having seen the other movies?,movies,https://www.reddit.com/r/movies/comments/5ezg5k/can_underworld_blood_wars_be_watched_without/
Underworld: Blood Wars,2016-11-24,5g401t,Underworld: Blood Wars Review - Not nearly as bad as I was expecting it to be,movies,https://tldrmoviereviews.com/2016/12/02/movie-review-underworld-blood-wars/
Underworld: Blood Wars,2016-11-24,5ezg5k,Can 'Underworld: Blood Wars' be watched without having seen the other movies?,movies,https://www.reddit.com/r/movies/comments/5ezg5k/can_underworld_blood_wars_be_watched_without/
Good Time,2017-08-11,6vvnqi,Official Discussion: Good Time [SPOILERS],movies,https://www.reddit.com/r/movies/comments/6vvnqi/official_discussion_good_time_spoilers/
Angel Has Fallen,2019-08-21,ctqlla,Official Discussion - Angel Has Fallen [SPOILERS],movies,https://www.reddit.com/r/movies/comments/ctqlla/official_discussion_angel_has_fallen_spoilers/
Angel Has Fallen,2019-08-21,ctqebq,"Official Discussion Weekly Megathread (Angel Has Fallen, Ready or Not)",movies,https://www.reddit.com/r/movies/comments/ctqebq/official_discussion_weekly_megathread_angel_has/
Angel Has Fallen,2019-08-21,cti1ul,Angel has Fallen:Discussion thread,movies,https://www.reddit.com/r/movies/comments/cti1ul/angel_has_fallendiscussion_thread/
65,2023-03-02,11ncria,Official Discussion - 65 [SPOILERS],movies,https://www.reddit.com/r/movies/comments/11ncria/official_discussion_65_spoilers/
65,2023-03-02,11nct5u,Official Discussion Megathread (Scream VI / 65 / Champions),movies,https://www.reddit.com/r/movies/comments/11nct5u/official_discussion_megathread_scream_vi_65/
65,2023-03-02,11ncria,Official Discussion - 65 [SPOILERS],movies,https://www.reddit.com/r/movies/comments/11ncria/official_discussion_65_spoilers/
65,2023-03-02,11nct5u,Official Discussion Megathread (Scream VI / 65 / Champions),movies,https://www.reddit.com/r/movies/comments/11nct5u/official_discussion_megathread_scream_vi_65/
Colossal,2017-04-06,65fdzw,"Discussion of Colossal, starring Anne Hathaway",movies,https://www.reddit.com/r/movies/comments/65fdzw/discussion_of_colossal_starring_anne_hathaway/
Colossal,2017-04-06,65u4ew,[Spoilers] Let's talk about Oscar from Colossal and other characters that make you uncomfortable by being dark reflections of yourself,movies,https://www.reddit.com/r/movies/comments/65u4ew/spoilers_lets_talk_about_oscar_from_colossal_and/
Captain America: Brave New World,2025-02-12,1ip0ump,Official Discussion - Captain America: Brave New World [SPOILERS],movies,https://www.reddit.com/r/movies/comments/1ip0ump/official_discussion_captain_america_brave_new/
Captain America: Brave New World,2025-02-12,1ip1fd2,Official Discussion Megathread (Captain America: Brave New World / Paddington in Peru / I'm Still Here),movies,https://www.reddit.com/r/movies/comments/1ip1fd2/official_discussion_megathread_captain_america/
Captain America: Brave New World,2025-02-12,1invnsp,Captain America: Brave New World - Review Thread,movies,https://www.reddit.com/r/movies/comments/1invnsp/captain_america_brave_new_world_review_thread/
Captain America: Brave New World,2025-02-12,1ixfgaj,"February 21-23 Box Office Recap: Despite repeating at #1, 'Captain America: Brave New World' collapses 68.3%, the third worst second weeekend drop in the MCU. Meanwhile, 'The Monkey' opens with $14 million, the second best debut in Neon's history.",movies,https://www.reddit.com/r/movies/comments/1ixfgaj/february_2123_box_office_recap_despite_repeating/
Captain America: Brave New World,2025-02-12,1isqhrs,"February 14-17 Box Office Recap: 'Captain America: Brave New World' opens with almost $200 million worldwide, but poor word of mouth (""B–"" on CinemaScore) suggests it will fall off quickly. Meanwhile, 'Ne Zha 2' passes 'Inside Out 2' to become the biggest animated film ever.",movies,https://www.reddit.com/r/movies/comments/1isqhrs/february_1417_box_office_recap_captain_america/
Captain America: Brave New World,2025-02-12,1ilp9ru,"Feb 14th, must choose one to see: Captain America: Brave New World or Paddington In Peru.",movies,https://www.reddit.com/r/movies/comments/1ilp9ru/feb_14th_must_choose_one_to_see_captain_america/
Captain America: Brave New World,2025-02-12,1ip0ump,Official Discussion - Captain America: Brave New World [SPOILERS],movies,https://www.reddit.com/r/movies/comments/1ip0ump/official_discussion_captain_america_brave_new/
Captain America: Brave New World,2025-02-12,1invnsp,Captain America: Brave New World - Review Thread,movies,https://www.reddit.com/r/movies/comments/1invnsp/captain_america_brave_new_world_review_thread/
Captain America: Brave New World,2025-02-12,1ixfgaj,"February 21-23 Box Office Recap: Despite repeating at #1, 'Captain America: Brave New World' collapses 68.3%, the third worst second weeekend drop in the MCU. Meanwhile, 'The Monkey' opens with $14 million, the second best debut in Neon's history.",movies,https://www.reddit.com/r/movies/comments/1ixfgaj/february_2123_box_office_recap_despite_repeating/
Captain America: Brave New World,2025-02-12,1isqhrs,"February 14-17 Box Office Recap: 'Captain America: Brave New World' opens with almost $200 million worldwide, but poor word of mouth (""B–"" on CinemaScore) suggests it will fall off quickly. Meanwhile, 'Ne Zha 2' passes 'Inside Out 2' to become the biggest animated film ever.",movies,https://www.reddit.com/r/movies/comments/1isqhrs/february_1417_box_office_recap_captain_america/
Captain America: Brave New World,2025-02-12,1ilp9ru,"Feb 14th, must choose one to see: Captain America: Brave New World or Paddington In Peru.",movies,https://www.reddit.com/r/movies/comments/1ilp9ru/feb_14th_must_choose_one_to_see_captain_america/
Captain America: Brave New World,2025-02-12,1ip1fd2,Official Discussion Megathread (Captain America: Brave New World / Paddington in Peru / I'm Still Here),movies,https://www.reddit.com/r/movies/comments/1ip1fd2/official_discussion_megathread_captain_america/
Captain America: Brave New World,2025-02-12,1ip4atr,"Get a special look at CAPTAIN AMERICA: BRAVE NEW WORLD, exclusively in theaters February 14!",DisneyPlus,https://i.redd.it/pjpqa2vtq1je1.jpeg
Captain America: Brave New World,2025-02-12,1ip4atr,"Get a special look at CAPTAIN AMERICA: BRAVE NEW WORLD, exclusively in theaters February 14!",DisneyPlus,https://i.redd.it/pjpqa2vtq1je1.jpeg
Conclave,2024-10-25,1gbjlm7,Official Discussion - Conclave [SPOILERS],movies,https://www.reddit.com/r/movies/comments/1gbjlm7/official_discussion_conclave_spoilers/
Conclave,2024-10-25,1gbjmpv,Official Discussion Megathread (Venom : The Last Dance / Conclave / Your Monster),movies,https://www.reddit.com/r/movies/comments/1gbjmpv/official_discussion_megathread_venom_the_last/
Moana 2,2024-11-21,1h0uevk,Official Discussion - Moana 2 [SPOILERS],movies,https://www.reddit.com/r/movies/comments/1h0uevk/official_discussion_moana_2_spoilers/
Moana 2,2024-11-21,1h0uf7h,Official Discussion Megathread (Gladiator II / Wicked: Part I / Moana 2),movies,https://www.reddit.com/r/movies/comments/1h0uf7h/official_discussion_megathread_gladiator_ii/
Moana 2,2024-11-21,1h0ha4a,'Moana 2' Review Thread,movies,https://www.reddit.com/r/movies/comments/1h0ha4a/moana_2_review_thread/
Moana 2,2024-11-21,1h57yn0,"November 29-December 1 Box Office Recap: 'Moana 2' debuts with a colossal $389 million worldwide, the biggest debut for an animated title. In the domestic market, 'Moana 2', 'Wicked' and 'Gladiator II' delivered the biggest Thanksgiving weekend in box office history.",movies,https://www.reddit.com/r/movies/comments/1h57yn0/november_29december_1_box_office_recap_moana_2/
Moana 2,2024-11-21,1gzvr4i,Wicked vs Moana 2: Which one do you think will do better?,movies,https://www.reddit.com/r/movies/comments/1gzvr4i/wicked_vs_moana_2_which_one_do_you_think_will_do/
Mufasa: The Lion King,2024-12-18,1hiae58,Official Discussion - Mufasa: The Lion King [SPOILERS],movies,https://www.reddit.com/r/movies/comments/1hiae58/official_discussion_mufasa_the_lion_king_spoilers/
Mufasa: The Lion King,2024-12-18,1hjixyv,Official Discussion Megathread (Sonic the Hedgehog 3 / Mufasa: The Lion King / The Man in the White Van / Juror #2),movies,https://www.reddit.com/r/movies/comments/1hjixyv/official_discussion_megathread_sonic_the_hedgehog/
Mufasa: The Lion King,2024-12-18,1hip3qr,James Earl Jones honored in 'Mufasa: The Lion King' following his death ,movies,https://www.the-express.com/entertainment/movies/157822/james-earl-jones-honored-new-mufasa-lion-king-film-following-his-death
Mufasa: The Lion King,2024-12-18,1hgf7ii,'Mufasa: The Lion King' Review Thread,movies,https://www.reddit.com/r/movies/comments/1hgf7ii/mufasa_the_lion_king_review_thread/
Mufasa: The Lion King,2024-12-18,1hkx7rr,"December 20-22 Box Office Recap: 'Sonic the Hedgehog 3' tops 'Mufasa: The Lion King' in the domestic market. While 'Mufasa' leads overseas, its $122.2 million worldwide debut is very underwhelming. Meanwhile, 'Kraven' and 'War of the Rohirrim' collapsed 72% and 73%, respectively.",movies,https://www.reddit.com/r/movies/comments/1hkx7rr/december_2022_box_office_recap_sonic_the_hedgehog/
Mufasa: The Lion King,2024-12-18,1hjjr4q,"Lin-Manuel Miranda Breaks Down ‘Mufasa: The Lion King’ Songs — and How He Convinced Barry Jenkins to Add the Villain Anthem ‘Bye Bye’
",movies,https://variety.com/lists/lin-manuel-miranda-mufasa-the-lion-king-soundtrack-villain-anthem-bye-bye/
Mufasa: The Lion King,2024-12-18,1hiae58,Official Discussion - Mufasa: The Lion King [SPOILERS],movies,https://www.reddit.com/r/movies/comments/1hiae58/official_discussion_mufasa_the_lion_king_spoilers/
Mufasa: The Lion King,2024-12-18,1hip3qr,James Earl Jones honored in 'Mufasa: The Lion King' following his death ,movies,https://www.the-express.com/entertainment/movies/157822/james-earl-jones-honored-new-mufasa-lion-king-film-following-his-death
Mufasa: The Lion King,2024-12-18,1hgf7ii,'Mufasa: The Lion King' Review Thread,movies,https://www.reddit.com/r/movies/comments/1hgf7ii/mufasa_the_lion_king_review_thread/
Mufasa: The Lion King,2024-12-18,1hkx7rr,"December 20-22 Box Office Recap: 'Sonic the Hedgehog 3' tops 'Mufasa: The Lion King' in the domestic market. While 'Mufasa' leads overseas, its $122.2 million worldwide debut is very underwhelming. Meanwhile, 'Kraven' and 'War of the Rohirrim' collapsed 72% and 73%, respectively.",movies,https://www.reddit.com/r/movies/comments/1hkx7rr/december_2022_box_office_recap_sonic_the_hedgehog/
Mufasa: The Lion King,2024-12-18,1hjjr4q,"Lin-Manuel Miranda Breaks Down ‘Mufasa: The Lion King’ Songs — and How He Convinced Barry Jenkins to Add the Villain Anthem ‘Bye Bye’
",movies,https://variety.com/lists/lin-manuel-miranda-mufasa-the-lion-king-soundtrack-villain-anthem-bye-bye/
Mufasa: The Lion King,2024-12-18,1hjixyv,Official Discussion Megathread (Sonic the Hedgehog 3 / Mufasa: The Lion King / The Man in the White Van / Juror #2),movies,https://www.reddit.com/r/movies/comments/1hjixyv/official_discussion_megathread_sonic_the_hedgehog/
Mufasa: The Lion King,2024-12-18,1hbf45q,Is Mufasa: The Lion King available on disney plus right now??,DisneyPlus,https://www.reddit.com/r/DisneyPlus/comments/1hbf45q/is_mufasa_the_lion_king_available_on_disney_plus/
Mufasa: The Lion King,2024-12-18,1hg6eja,"Get a special look at ""Mufasa: The Lion King"" coming to theaters this week!",DisneyPlus,https://i.redd.it/q7wlh29ued7e1.jpeg
Mufasa: The Lion King,2024-12-18,1hbf45q,Is Mufasa: The Lion King available on disney plus right now??,DisneyPlus,https://www.reddit.com/r/DisneyPlus/comments/1hbf45q/is_mufasa_the_lion_king_available_on_disney_plus/
Mufasa: The Lion King,2024-12-18,1hg6eja,"Get a special look at ""Mufasa: The Lion King"" coming to theaters this week!",DisneyPlus,https://i.redd.it/q7wlh29ued7e1.jpeg
Sonic the Hedgehog 3,2024-12-19,1hiae45,Official Discussion - Sonic the Hedgehog 3 [SPOILERS],movies,https://www.reddit.com/r/movies/comments/1hiae45/official_discussion_sonic_the_hedgehog_3_spoilers/
Sonic the Hedgehog 3,2024-12-19,1hjixyv,Official Discussion Megathread (Sonic the Hedgehog 3 / Mufasa: The Lion King / The Man in the White Van / Juror #2),movies,https://www.reddit.com/r/movies/comments/1hjixyv/official_discussion_megathread_sonic_the_hedgehog/
Sonic the Hedgehog 3,2024-12-19,1hh25i8,'Sonic the Hedgehog 3' Review Thread,movies,https://www.reddit.com/r/movies/comments/1hh25i8/sonic_the_hedgehog_3_review_thread/
Sonic the Hedgehog 3,2024-12-19,1hkx7rr,"December 20-22 Box Office Recap: 'Sonic the Hedgehog 3' tops 'Mufasa: The Lion King' in the domestic market. While 'Mufasa' leads overseas, its $122.2 million worldwide debut is very underwhelming. Meanwhile, 'Kraven' and 'War of the Rohirrim' collapsed 72% and 73%, respectively.",movies,https://www.reddit.com/r/movies/comments/1hkx7rr/december_2022_box_office_recap_sonic_the_hedgehog/
Mickey 17,2025-02-28,1j5dv2d,Official Discussion - Mickey 17 [SPOILERS],movies,https://www.reddit.com/r/movies/comments/1j5dv2d/official_discussion_mickey_17_spoilers/
Mickey 17,2025-02-28,1j5dyi3,Official Discussion Megathread (Mickey 17 / In the Lost Lands / Ne Zha 2 / My Dead Friend Zoe / Cleaner),movies,https://www.reddit.com/r/movies/comments/1j5dyi3/official_discussion_megathread_mickey_17_in_the/
Mickey 17,2025-02-28,1ishmwk,New Poster for 'Bong Joon-Ho's 'Mickey 17',movies,https://i.redd.it/mujv35p7jxje1.jpeg
Mickey 17,2025-02-28,1j8amms,"March 7-9 Box Office Recap: 'Mickey 17' flops with an underwhelming $19 million domestically and a weak $53.3 worldwide total, against a $118 million budget. 'Ne Zha 2' crosses $2 billion in China.",movies,https://www.reddit.com/r/movies/comments/1j8amms/march_79_box_office_recap_mickey_17_flops_with_an/
Mickey 17,2025-02-28,1iq74ir,Bong Joon-ho's 'Mickey 17' Review Thread,movies,https://www.reddit.com/r/movies/comments/1iq74ir/bong_joonhos_mickey_17_review_thread/
Mickey 17,2025-02-28,1isi34l,Mickey 17 - IMAX Poster,movies,https://i.redd.it/g1yvcyhemxje1.jpeg
Mickey 17,2025-02-28,1j9scbt,David Sims talks to Bong Joon Ho about “Mickey 17”,movies,https://www.theatlantic.com/culture/archive/2025/03/mickey-17-bong-joon-ho-interview/682017/?utm_source=reddit&utm_medium=social&utm_campaign=the-atlantic&utm_content=edit-promo
Mickey 17,2025-02-28,1j4ri3m,The volume of ads for Mickey 17 has been incredible.,movies,https://www.reddit.com/r/movies/comments/1j4ri3m/the_volume_of_ads_for_mickey_17_has_been/
Mickey 17,2025-02-28,1j67ypt,Mickey 17 questions,movies,https://www.reddit.com/r/movies/comments/1j67ypt/mickey_17_questions/
Mickey 17,2025-02-28,1iz5t95,"Looking for Mickey 17 trailer that had the song ""Mickey"" in it by Toni Basil? Can't find it.",movies,https://www.reddit.com/r/movies/comments/1iz5t95/looking_for_mickey_17_trailer_that_had_the_song/
Mickey 17,2025-02-28,1j6m1ft,'Mickey 17': Mark Ruffalo's Character Explained,movies,https://www.indiewire.com/features/interviews/mickey-17-mark-ruffalo-character-explained-1235101441/
Mickey 17,2025-02-28,1j6i7sc,"“Mickey 17” review, by Shirley Li",movies,https://www.theatlantic.com/culture/archive/2025/03/mickey-17-movie-review/681969/?utm_source=reddit&utm_medium=social&utm_campaign=the-atlantic&utm_content=edit-promo
Mickey 17,2025-02-28,1j8b9q8,How to Direct Film Actors: Lessons from Bong Joon Ho on 'Mickey 17',movies,https://www.indiewire.com/features/interviews/how-direct-actors-bong-joon-ho-mickey-17-1235101963/
Mickey 17,2025-02-28,1isho48,Mickey 17 | Get Tickets Now Teaser,movies,https://www.youtube.com/watch?v=IN9q_UavsHM
The Gorge,2025-02-13,1iuhec9,Official Discussion - The Gorge [SPOILERS],movies,https://www.reddit.com/r/movies/comments/1iuhec9/official_discussion_the_gorge_spoilers/
The Gorge,2025-02-13,1ipwuqe,The Gorge discussion?,movies,https://www.reddit.com/r/movies/comments/1ipwuqe/the_gorge_discussion/
Avengers: Infinity War,2018-04-25,8f84h0,Official Discussion - Avengers: Infinity War [SPOILERS],movies,https://www.reddit.com/r/movies/comments/8f84h0/official_discussion_avengers_infinity_war_spoilers/
Avengers: Infinity War,2018-04-25,8gvr6n,Official Discussion - Avengers: Infinity War [SPOILERS] (Thread Vol. 2),movies,https://www.reddit.com/r/movies/comments/8gvr6n/official_discussion_avengers_infinity_war/
Avengers: Infinity War,2018-04-25,8eilwg,"It would seem Avengers: Infinity War premiered tonight in full for the first time. Between now and this weekend, the internet may be dark and full of spoilers. Here's some nifty tips on how to avoid spoielrs on reddit. Easy mode: Stay off reddit.",movies,https://www.reddit.com/r/movies/comments/8eilwg/it_would_seem_avengers_infinity_war_premiered/
Avengers: Infinity War,2018-04-25,8g0ts9,Box Office Week - Avengers: Infinity War opens at #1 and breaks the all-time opening weekend record set by Star Wars: The Force Awakens ($247.9M) with $258.1M. It also beat Fate of the Furious ($541.9M) for the biggest worldwide opening with a $640.8M debut.,movies,https://www.reddit.com/r/movies/comments/8g0ts9/box_office_week_avengers_infinity_war_opens_at_1/
Avengers: Infinity War,2018-04-25,8eoccp,Review Megathread - Avengers: Infinity War,movies,https://www.reddit.com/r/movies/comments/8eoccp/review_megathread_avengers_infinity_war/
Avengers: Infinity War,2018-04-25,8hogut,"Box Office Week: On second weekend Avengers: Infinity War is #1 again with $112.4M. The film became the fastest film to pass $1B worldwide doing so in just 11 days. Meanwhile Overboard comes in okay at #2 with $14.7M, Tully underwhelms at #6 with $3.1M, and Bad Samaritan bombs at #10 with $1.7M.",movies,https://www.reddit.com/r/movies/comments/8hogut/box_office_week_on_second_weekend_avengers/
Avengers: Infinity War,2018-04-25,8cma8z,Fargo’s Carrie Coon to play crucial Avengers: Infinity War villain,movies,http://www.radiotimes.com/news/film/2018-04-16/avengers-infinity-war-cast-proxima-midnight-carrie-coon/
Avengers: Infinity War,2018-04-25,8ftvam,YMS - Quickie: Avengers: Infinity War,movies,https://youtu.be/5HwvcV4UFbQ
Avengers: Infinity War,2018-04-25,8fd4rw,Mark Kermode - Avengers: Infinity War review,movies,https://youtu.be/EYeIEou-5kg
Avengers: Infinity War,2018-04-25,8foey7,Avengers: Infinity War - Spoiler Review,movies,https://youtu.be/HpzW0tV7qp4
Avengers: Infinity War,2018-04-25,8ey6ha,Avengers: Infinity War - Movie Review (Spoiler-Free!),movies,https://www.youtube.com/watch?v=ssskHeRUvVc
Avengers: Infinity War,2018-04-25,8eigid,Here are the first reactions to Marvel’s ‘Avengers: Infinity War’,movies,http://mightyviral.com/here-are-the-first-reactions-to-marvels-avengers-infinity-war/
Avengers: Infinity War,2018-04-25,8dka4z,Throwback Captain America Stunt Videos Hype Avengers: Infinity War,movies,http://mightyviral.com/throwback-captain-america-stunt-videos-hype-avengers-infinity-war/
Avengers: Infinity War,2018-04-25,8f84h0,Official Discussion - Avengers: Infinity War [SPOILERS],movies,https://www.reddit.com/r/movies/comments/8f84h0/official_discussion_avengers_infinity_war_spoilers/
Avengers: Infinity War,2018-04-25,8g0ts9,Box Office Week - Avengers: Infinity War opens at #1 and breaks the all-time opening weekend record set by Star Wars: The Force Awakens ($247.9M) with $258.1M. It also beat Fate of the Furious ($541.9M) for the biggest worldwide opening with a $640.8M debut.,movies,https://www.reddit.com/r/movies/comments/8g0ts9/box_office_week_avengers_infinity_war_opens_at_1/
Avengers: Infinity War,2018-04-25,8gvr6n,Official Discussion - Avengers: Infinity War [SPOILERS] (Thread Vol. 2),movies,https://www.reddit.com/r/movies/comments/8gvr6n/official_discussion_avengers_infinity_war/
Avengers: Infinity War,2018-04-25,8eoccp,Review Megathread - Avengers: Infinity War,movies,https://www.reddit.com/r/movies/comments/8eoccp/review_megathread_avengers_infinity_war/
Avengers: Infinity War,2018-04-25,8hogut,"Box Office Week: On second weekend Avengers: Infinity War is #1 again with $112.4M. The film became the fastest film to pass $1B worldwide doing so in just 11 days. Meanwhile Overboard comes in okay at #2 with $14.7M, Tully underwhelms at #6 with $3.1M, and Bad Samaritan bombs at #10 with $1.7M.",movies,https://www.reddit.com/r/movies/comments/8hogut/box_office_week_on_second_weekend_avengers/
Avengers: Infinity War,2018-04-25,8cma8z,Fargo’s Carrie Coon to play crucial Avengers: Infinity War villain,movies,http://www.radiotimes.com/news/film/2018-04-16/avengers-infinity-war-cast-proxima-midnight-carrie-coon/
Gladiator II,2024-11-13,1gwxxwd,Official Discussion - Gladiator II [SPOILERS],movies,https://www.reddit.com/r/movies/comments/1gwxxwd/official_discussion_gladiator_ii_spoilers/
Gladiator II,2024-11-13,1gwxy96,Official Discussion Megathread (Gladiator II / Wicked: Part I),movies,https://www.reddit.com/r/movies/comments/1gwxy96/official_discussion_megathread_gladiator_ii/
Gladiator II,2024-11-13,1h0uf7h,Official Discussion Megathread (Gladiator II / Wicked: Part I / Moana 2),movies,https://www.reddit.com/r/movies/comments/1h0uf7h/official_discussion_megathread_gladiator_ii/
Gladiator II,2024-11-13,1gznp35,"Nearly 20 years ago, Nick Cave was asked by Russell Crowe to write a Gladiator II sequel. It would've featured Maximus being reincarnated, sent back by the gods, over two millennia and ending up in present day. Ridley Scott played around with the idea but the movie never came to fruition.",movies,https://web.archive.org/web/20220610221854/https://www.denofgeek.com/movies/nick-cave-on-his-unproduced-gladiator-2-script/
Gladiator II,2024-11-13,1gm1ein,"With ‘Gladiator II,’ Ridley Scott Returns to the Arena",movies,https://www.nytimes.com/2024/11/07/movies/ridley-scott-gladiator-ii-denzel-washington.html
Gladiator II,2024-11-13,1grzjbd,"AMA: We're the costume designers for Ridley Scott’s latest epic “Gladiator II.” Ask us anything about our longtime careers in film and TV, and about working on such a huge project. ",movies,https://www.reddit.com/r/movies/comments/1grzjbd/ama_were_the_costume_designers_for_ridley_scotts/
Gladiator II,2024-11-13,1gu85hv,[MEGAPOST] Welcome to the official arena for all things “Gladiator II.” ,movies,https://www.reddit.com/r/movies/comments/1gu85hv/megapost_welcome_to_the_official_arena_for_all/
Gladiator II,2024-11-13,1gxckwq,Rome rises again. How big did “Gladiator II” go in recreating the glory of Rome? ,movies,https://www.reddit.com/r/movies/comments/1gxckwq/rome_rises_again_how_big_did_gladiator_ii_go_in/
Gladiator II,2024-11-13,1gw4a61,"All Ridley Scott Movies, Ranked: 'Gladiator II,' 'Napoleon,' More",movies,https://www.indiewire.com/gallery/ridley-scott-movies-ranked/
Gladiator II,2024-11-13,1gst15m,How historically accurate is Gladiator II? Dan Snow weighs in,movies,https://www.thetimes.com/uk/arts/article/gladiator-ii-dan-snow-ridley-scott-historical-inaccuracies-nm6bh2tmq?utm_medium=Social&utm_source=Reddit#Echobox=1731780165
Gladiator II,2024-11-13,1gpxhp7,"Is Ridley Scott's Gladiator II really just a shadow of its predecessor, as many critics say, or is this just the usual gripe of fans of the 2000 film?",movies,https://www.reddit.com/r/movies/comments/1gpxhp7/is_ridley_scotts_gladiator_ii_really_just_a/
Gladiator II,2024-11-13,1gmosfw,Ridley Scott Back In Arena With ‘Gladiator II’ Star Paul Mescal On ‘The Dog Stars’ At 20th Century,movies,https://deadline.com/2024/11/ridley-scott-paul-mescal-the-dog-stars-gladiator-ii-1236161226/
Gladiator II,2024-11-13,1gptwtr,Ridley Scott is Back in the Arena for “Gladiator II”,movies,https://www.reddit.com/r/movies/comments/1gptwtr/ridley_scott_is_back_in_the_arena_for_gladiator_ii/
Gladiator II,2024-11-13,1gp4ndt,Who are the 6 main characters you should know before seeing “Gladiator II”?,movies,https://www.reddit.com/r/movies/comments/1gp4ndt/who_are_the_6_main_characters_you_should_know/
Gladiator II,2024-11-13,1gucmsa,Fred Hechinger on Playing Villains in Kraven the Hunter and Gladiator II,movies,https://nerdreactor.com/fred-hechinger-on-playing-villains-in-kraven-the-hunter-and-gladiator-ii-i-think-thats-just-like-a-worthy-challenge/
Venom: The Last Dance,2024-10-22,1gbjll4,Official Discussion - Venom: The Last Dance [SPOILERS],movies,https://www.reddit.com/r/movies/comments/1gbjll4/official_discussion_venom_the_last_dance_spoilers/
Venom: The Last Dance,2024-10-22,1gaidyp,Venom: The Last Dance - Review Thread,movies,https://www.reddit.com/r/movies/comments/1gaidyp/venom_the_last_dance_review_thread/
Venom: The Last Dance,2024-10-22,1gaidyp,Venom: The Last Dance - Review Thread,movies,https://www.reddit.com/r/movies/comments/1gaidyp/venom_the_last_dance_review_thread/
Venom: The Last Dance,2024-10-22,1gbjll4,Official Discussion - Venom: The Last Dance [SPOILERS],movies,https://www.reddit.com/r/movies/comments/1gbjll4/official_discussion_venom_the_last_dance_spoilers/
Deadpool & Wolverine,2024-07-24,1ecchwj,Official Discussion - Deadpool & Wolverine [SPOILERS],movies,https://www.reddit.com/r/movies/comments/1ecchwj/official_discussion_deadpool_wolverine_spoilers/
Deadpool & Wolverine,2024-07-24,1e74dnx,Deadpool & Wolverine | Final Trailer,movies,https://youtu.be/laNA2HgwYXU?si=HB9-ZE92BYhjZajh
Deadpool & Wolverine,2024-07-24,1eakf6z,'Deadpool & Wolverine' Review Thread,movies,https://www.reddit.com/r/movies/comments/1eakf6z/deadpool_wolverine_review_thread/
Deadpool & Wolverine,2024-07-24,1eezz5o,"Hey /r/movies - I’m actor Aaron Stanford, and I play Pyro in ""Deadpool & Wolverine"" which is out now in theaters. You also might know me from “X2: X-Men United,” “X-Men: The Last Stand,” and the Syfy TV series “12 Monkeys.” What would you like to know? Ask me anything!",movies,https://www.reddit.com/r/movies/comments/1eezz5o/hey_rmovies_im_actor_aaron_stanford_and_i_play/
Despicable Me 4,2024-06-20,1duvov6,Official Discussion - Despicable Me 4 [SPOILERS],movies,https://www.reddit.com/r/movies/comments/1duvov6/official_discussion_despicable_me_4_spoilers/
Despicable Me 4,2024-06-20,1duvqgr,Official Discussion Megathread (Despicable Me 4 / Beverly Hills Cop: Axel F),movies,https://www.reddit.com/r/movies/comments/1duvqgr/official_discussion_megathread_despicable_me_4/
Kraven the Hunter,2024-12-11,1hd2v8v,Official Discussion - Kraven the Hunter [SPOILERS],movies,https://www.reddit.com/r/movies/comments/1hd2v8v/official_discussion_kraven_the_hunter_spoilers/
Kraven the Hunter,2024-12-11,1hd2xa8,Official Discussion Megathread (Kraven the Hunter / The Lord of the Rings: The War of Rohirrim / Queer / Flow / Maria / The Piano Lesson),movies,https://www.reddit.com/r/movies/comments/1hd2xa8/official_discussion_megathread_kraven_the_hunter/
Companion,2025-01-22,1ie56on,Official Discussion - Companion [SPOILERS],movies,https://www.reddit.com/r/movies/comments/1ie56on/official_discussion_companion_spoilers/
Companion,2025-01-22,1ie8p12,Official Discussion Megathread (Companion / Dog Man / Hard Truths / September 5),movies,https://www.reddit.com/r/movies/comments/1ie8p12/official_discussion_megathread_companion_dog_man/
Spider-Man: Homecoming,2017-07-05,6meoa4,"Box Office Week: Spider-man: Homecoming takes #1 with a great $117M. Wonder Woman passes $386M domestic making it the 10th highest grossing superhero film and the 2nd highest grossing superhero origin film. The Big Sick continues to expand well, making $3.6M in just 326 theaters.",movies,https://www.reddit.com/r/movies/comments/6meoa4/box_office_week_spiderman_homecoming_takes_1_with/
Spider-Man: Homecoming,2017-07-05,6lqkql,Official Discussion - Spider-man: Homecoming [SPOILERS],movies,https://www.reddit.com/r/movies/comments/6lqkql/official_discussion_spiderman_homecoming_spoilers/
Spider-Man: Homecoming,2017-07-05,6lu5ov,"The Marvel Cinematic Universe timeline, with new information from Spider-Man: Homecoming",movies,https://www.reddit.com/r/movies/comments/6lu5ov/the_marvel_cinematic_universe_timeline_with_new/
Spider-Man: Homecoming,2017-07-05,6ljlz4,Official unofficial international 'Spider-Man: Homecoming' SPOILERS discussion thread.,movies,https://www.reddit.com/r/movies/comments/6ljlz4/official_unofficial_international_spiderman/
Spider-Man: Homecoming,2017-07-05,6k92x6,Review Megathread - Spider-man: Homecoming,movies,https://www.reddit.com/r/movies/comments/6k92x6/review_megathread_spiderman_homecoming/
Spider-Man: Homecoming,2017-07-05,6nuchw,"Box Office Week: War for the Planet of the Apes opens worse than Dawn but still takes #1 with $56.5M. Spider-man: Homecoming has worst 2nd weekend drop in MCU history, dropping 61% to come in #2 with $45.2M. The Big Sick expands meekly to #5 with $7.6M and Wish Upon bombs opening at #7 with $5.5M.",movies,https://www.reddit.com/r/movies/comments/6nuchw/box_office_week_war_for_the_planet_of_the_apes/
Spider-Man: Homecoming,2017-07-05,6kib93,‘Valerian’ Opening Scene to Play in Theaters in Front of ‘Spider-Man: Homecoming’,movies,http://collider.com/valerian-opening-scene-spider-man-homecoming/
Spider-Man: Homecoming,2017-07-05,6j4ccc,Jennifer Connelly confirmed for Spider-Man: Homecoming,movies,https://www.flickeringmyth.com/2017/06/spoilers-spider-man-homecoming-cast-list-confirms-jennifer-connelly-mystery-roles-and-surprise-villains/
Spider-Man: Homecoming,2017-07-05,6l88g0,Anyone else SICK of all the spoilers for Spider-Man: Homecoming?,movies,https://www.reddit.com/r/movies/comments/6l88g0/anyone_else_sick_of_all_the_spoilers_for/
Spider-Man: Homecoming,2017-07-05,6lh3m7,Spider-Man: Homecoming is easily my new favourite Spider-Man film,movies,https://www.reddit.com/r/movies/comments/6lh3m7/spiderman_homecoming_is_easily_my_new_favourite/
Spider-Man: Homecoming,2017-07-05,6jw1cc,'Spider-Man: Homecoming’s' Laura Harrier joins HBO Film 'Fahrenheit 451' With Michael B. Jordan & Michael Shannon,movies,http://www.avclub.com/article/spider-man-homecomings-laura-harrier-joins-hbos-fa-257388
Spider-Man: Homecoming,2017-07-05,6k5p1l,Personal reaction to Spider-Man: Homecoming,movies,https://www.reddit.com/r/movies/comments/6k5p1l/personal_reaction_to_spiderman_homecoming/
Spider-Man: Homecoming,2017-07-05,6nopsv,"Kirk Thatcher, the “Punk on Bus” from Star Trek IV: The Voyage Home cameos in Spider-Man: Homecoming",movies,http://www.tor.com/2017/07/13/star-trek-iv-now-exists-in-the-same-universe-as-all-marvel-films-thanks-to-a-special-cameo/
Spider-Man: Homecoming,2017-07-05,6lv6rc,Mark Kermode's Review of Spider-Man: Homecoming,movies,https://www.youtube.com/watch?v=as48Dmncsto
Spider-Man: Homecoming,2017-07-05,6lfn4d,Is the 3D in Spider-Man: Homecoming worth it?,movies,https://www.reddit.com/r/movies/comments/6lfn4d/is_the_3d_in_spiderman_homecoming_worth_it/
Spider-Man: Homecoming,2017-07-05,6jnmow,My excitements and fears for Spider-man: Homecoming,movies,https://www.reddit.com/r/movies/comments/6jnmow/my_excitements_and_fears_for_spiderman_homecoming/
Spider-Man: Homecoming,2017-07-05,6nbouu,The Chuck and Brad Podcast reviews Spider-Man: Homecoming super in-depth!,movies,http://www.chuckandbradpodcast.com
Spider-Man: Homecoming,2017-07-05,6meoa4,"Box Office Week: Spider-man: Homecoming takes #1 with a great $117M. Wonder Woman passes $386M domestic making it the 10th highest grossing superhero film and the 2nd highest grossing superhero origin film. The Big Sick continues to expand well, making $3.6M in just 326 theaters.",movies,https://www.reddit.com/r/movies/comments/6meoa4/box_office_week_spiderman_homecoming_takes_1_with/
Spider-Man: Homecoming,2017-07-05,6lqkql,Official Discussion - Spider-man: Homecoming [SPOILERS],movies,https://www.reddit.com/r/movies/comments/6lqkql/official_discussion_spiderman_homecoming_spoilers/
Spider-Man: Homecoming,2017-07-05,6lu5ov,"The Marvel Cinematic Universe timeline, with new information from Spider-Man: Homecoming",movies,https://www.reddit.com/r/movies/comments/6lu5ov/the_marvel_cinematic_universe_timeline_with_new/
Spider-Man: Homecoming,2017-07-05,6k92x6,Review Megathread - Spider-man: Homecoming,movies,https://www.reddit.com/r/movies/comments/6k92x6/review_megathread_spiderman_homecoming/
Spider-Man: Homecoming,2017-07-05,6nuchw,"Box Office Week: War for the Planet of the Apes opens worse than Dawn but still takes #1 with $56.5M. Spider-man: Homecoming has worst 2nd weekend drop in MCU history, dropping 61% to come in #2 with $45.2M. The Big Sick expands meekly to #5 with $7.6M and Wish Upon bombs opening at #7 with $5.5M.",movies,https://www.reddit.com/r/movies/comments/6nuchw/box_office_week_war_for_the_planet_of_the_apes/
Spider-Man: Homecoming,2017-07-05,6kib93,‘Valerian’ Opening Scene to Play in Theaters in Front of ‘Spider-Man: Homecoming’,movies,http://collider.com/valerian-opening-scene-spider-man-homecoming/
Spider-Man: Homecoming,2017-07-05,6j4ccc,Jennifer Connelly confirmed for Spider-Man: Homecoming,movies,https://www.flickeringmyth.com/2017/06/spoilers-spider-man-homecoming-cast-list-confirms-jennifer-connelly-mystery-roles-and-surprise-villains/
The Substance,2024-09-07,1fl1bpl,Official Discussion - The Substance [SPOILERS],movies,https://www.reddit.com/r/movies/comments/1fl1bpl/official_discussion_the_substance_spoilers/
The Substance,2024-09-07,1flss7g,Official Discussion Megathread (Transformers One / The Substance / Never Let Go / His Three Daughters / Omni Loop),movies,https://www.reddit.com/r/movies/comments/1flss7g/official_discussion_megathread_transformers_one/
The Substance,2024-09-07,1fl1d9c,Official Discussion Megathread (Transformers One / The Substance / Never Let Go),movies,https://www.reddit.com/r/movies/comments/1fl1d9c/official_discussion_megathread_transformers_one/
Batman v Superman: Dawn of Justice,2016-03-23,4bm0h7,Batman v Superman: Dawn of Justice - Movie Review (Chris Stuckmann),movies,https://www.youtube.com/watch?v=JoDGX0b5lzo&feature=youtu.be
Batman v Superman: Dawn of Justice,2016-03-23,4caq6l,Real Deleted scene from Batman v Superman: Dawn of justice. Communion.,movies,https://www.youtube.com/watch?v=s-MUzvASr8s
Batman v Superman: Dawn of Justice,2016-03-23,4ca6v7,"Box Office Week: Batman v Superman: Dawn of Justice dominated the box office, opening with $170 mil domestic and $420 mil worldwide, the best March opening of all time. In counter-programming My Big Fat Greek Wedding 2 (#3, $18.2 mil) and My Name is Dorris (#9, $1.7 mil) do very well.",movies,https://www.reddit.com/r/movies/comments/4ca6v7/box_office_week_batman_v_superman_dawn_of_justice/
Batman v Superman: Dawn of Justice,2016-03-23,4cnoy6,See How DC Comics Writers and Artists Reacted to 'Batman v Superman: Dawn of Justice',movies,http://www.movies.com/movie-news/comic-artists-react-to-batman-v-superman/20351
Batman v Superman: Dawn of Justice,2016-03-23,4aw0st,The soundtrack to Batman v Superman: Dawn of Justice is out now!,movies,https://www.reddit.com/r/movies/comments/4aw0st/the_soundtrack_to_batman_v_superman_dawn_of/
Batman v Superman: Dawn of Justice,2016-03-23,4cv34u,New 'Batman v Superman: Dawn of Justice' Poster,movies,http://i.imgur.com/0r6C8h9.jpg
Batman v Superman: Dawn of Justice,2016-03-23,4c9xe8,"Batman v Superman: Dawn of Justice, currently sits at 29% on Rotten Tomatoes. Do you think the lack of critical acclaim will force DC to make changes with their future releases or will they base their decision of the financial success of the film?",movies,https://www.reddit.com/r/movies/comments/4c9xe8/batman_v_superman_dawn_of_justice_currently_sits/
Batman v Superman: Dawn of Justice,2016-03-23,4b6pxv,"If *Batman v Superman: Dawn of Justice* is successful, Jeremy Irons should reprise his role as a younger Alfred in a television series.",movies,https://www.reddit.com/r/movies/comments/4b6pxv/if_batman_v_superman_dawn_of_justice_is/
Batman v Superman: Dawn of Justice,2016-03-23,49s5nl,"Batman V Superman: Dawn of Justice' Release Date, Spoilers, News & Update: Movie Will Have 'Inception'-Like Scenes, Fans Will Be Kept Hanging",movies,http://www.parentherald.com/articles/26313/20160308/batman-v-superman-dawn-justice-release-date-spoilers-news-update.htm
Batman v Superman: Dawn of Justice,2016-03-23,4cpan2,Sam Strange Remembers: BATMAN V SUPERMAN: DAWN OF JUSTICE,movies,http://birthmoviesdeath.com/2016/03/26/sam-strange-remembers-batman-v-superman-dawn-of-justice
Batman v Superman: Dawn of Justice,2016-03-23,4cf9bp,"""Far From Hollywood"" podcast talks ""Batman v Superman: Dawn of Justice""",movies,http://farfromhollywood.podbean.com/e/batman-v-superman-dawn-of-justice-with-tom-santilli-and-mike-tyrkus/
Batman v Superman: Dawn of Justice,2016-03-23,4bm0h7,Batman v Superman: Dawn of Justice - Movie Review (Chris Stuckmann),movies,https://www.youtube.com/watch?v=JoDGX0b5lzo&feature=youtu.be
Batman v Superman: Dawn of Justice,2016-03-23,4caq6l,Real Deleted scene from Batman v Superman: Dawn of justice. Communion.,movies,https://www.youtube.com/watch?v=s-MUzvASr8s
Batman v Superman: Dawn of Justice,2016-03-23,4ca6v7,"Box Office Week: Batman v Superman: Dawn of Justice dominated the box office, opening with $170 mil domestic and $420 mil worldwide, the best March opening of all time. In counter-programming My Big Fat Greek Wedding 2 (#3, $18.2 mil) and My Name is Dorris (#9, $1.7 mil) do very well.",movies,https://www.reddit.com/r/movies/comments/4ca6v7/box_office_week_batman_v_superman_dawn_of_justice/
Batman v Superman: Dawn of Justice,2016-03-23,4cnoy6,See How DC Comics Writers and Artists Reacted to 'Batman v Superman: Dawn of Justice',movies,http://www.movies.com/movie-news/comic-artists-react-to-batman-v-superman/20351
Batman v Superman: Dawn of Justice,2016-03-23,4aw0st,The soundtrack to Batman v Superman: Dawn of Justice is out now!,movies,https://www.reddit.com/r/movies/comments/4aw0st/the_soundtrack_to_batman_v_superman_dawn_of/
Batman v Superman: Dawn of Justice,2016-03-23,4cv34u,New 'Batman v Superman: Dawn of Justice' Poster,movies,http://i.imgur.com/0r6C8h9.jpg
Batman v Superman: Dawn of Justice,2016-03-23,4c9xe8,"Batman v Superman: Dawn of Justice, currently sits at 29% on Rotten Tomatoes. Do you think the lack of critical acclaim will force DC to make changes with their future releases or will they base their decision of the financial success of the film?",movies,https://www.reddit.com/r/movies/comments/4c9xe8/batman_v_superman_dawn_of_justice_currently_sits/
The Lion King,2019-07-12,cew5fw,Official Discussion: The Lion King (2019) [SPOILERS],movies,https://www.reddit.com/r/movies/comments/cew5fw/official_discussion_the_lion_king_2019_spoilers/
Blade Runner 2049,2017-10-04,74k6lc,Official Discussion: Blade Runner 2049 [SPOILERS],movies,https://www.reddit.com/r/movies/comments/74k6lc/official_discussion_blade_runner_2049_spoilers/
Blade Runner 2049,2017-10-04,75h85u,Guardian article discusses Sean Young's career decline and absence from Blade Runner 2049 - the real Sean Young shows up in comments section to answer fans and haters alike,movies,https://www.theguardian.com/film/2015/mar/26/blade-runner-sean-young-interview
Blade Runner 2049,2017-10-04,76vzh9,"Blade Runner 2049 was a satisfying sequel because it was birthed from an uncompromising love of the source material. Star Wars: The Force Awakens was dissatisfying because while possibly birthed from a love of the source material, that love ultimately had to compromise to meet Disney’s needs.",movies,https://www.reddit.com/r/movies/comments/76vzh9/blade_runner_2049_was_a_satisfying_sequel_because/
Blade Runner 2049,2017-10-04,74f908,[Spoilers] I saw Blade Runner 2049,movies,https://www.reddit.com/r/movies/comments/74f908/spoilers_i_saw_blade_runner_2049/
Blade Runner 2049,2017-10-04,72sf37,Blade Runner 2049 Discussion (Review) - The Adam Savage Project || NO SPOILERS,movies,https://www.youtube.com/watch?v=eQ9F3U3Pax8
Blade Runner 2049,2017-10-04,74mo6v,Hans Zimmer & Benjamin Wallfisch discuss the Blade Runner 2049 score,movies,https://www.youtube.com/watch?v=fzDdJYI1HUM
Blade Runner 2049,2017-10-04,75hxlq,"‘Blade Runner 2049’ Was Never Going to Be a Blockbuster, But It Can Become Something Better: a Cult Classic",movies,http://www.indiewire.com/2017/10/blade-runner-2049-box-office-cult-classic-1201885405/
Blade Runner 2049,2017-10-04,737nzj,Review Megathread: Blade Runner 2049,movies,https://www.reddit.com/r/movies/comments/737nzj/review_megathread_blade_runner_2049/
Blade Runner 2049,2017-10-04,722o2l,Blade Runner 2049’s Theatrical Version is the Director’s Cut,movies,http://screenrant.com/blade-runner-2049-denis-villeneuve-no-director-cut/
Blade Runner 2049,2017-10-04,75wfct,Blade Runner 2049 cinematographer says don't see it in 3D,movies,http://www.digitalspy.com/movies/blade-runner/news/a840247/blade-runner-2049-cinematographer-anti-3d/
Blade Runner 2049,2017-10-04,759tgq,"Box Office Week: Blade Runner 2049 opens at #1 to a very disappointing $31.5M on a budget of $150M. The Mountain Between Us opens at #2 to an okay $10.1M and My Little Pony: The Movie opens to an underwhelming #4 spot with $8.8M. Also, IT becomes the first horror film ever to pass $300M domestic.",movies,https://www.reddit.com/r/movies/comments/759tgq/box_office_week_blade_runner_2049_opens_at_1_to_a/
Blade Runner 2049,2017-10-04,72gj89,Blade Runner 2049 director originally wanted David Bowie for Jared Leto's role.... Denis Villeneuve adds that the singer has influenced the film in many ways.,movies,http://www.digitalspy.com/movies/blade-runner/news/a833882/blade-runner-2049-director-wanted-david-bowie-for-jared-leto-role/
Blade Runner 2049,2017-10-04,771vax,"Warner Brothers For Your Consideration page now online featuring Blade Runner 2049, Dunkirk, Wonder Woman, and The Lego Batman.",movies,http://www.warnerbros2017.com/screenings/
Blade Runner 2049,2017-10-04,75a6y1,"Screenwriter: Mysteries of ""Blade Runner 2049"" were not meant to be answered by sequels",movies,https://io9.gizmodo.com/the-mysteries-of-blade-runner-2049-were-not-meant-to-be-1819277897
Blade Runner 2049,2017-10-04,7639h3,"Between Blade Runner 2049 and Dunkirk, one amazing work of cinematography will be left Oscar-less this year.",movies,https://www.reddit.com/r/movies/comments/7639h3/between_blade_runner_2049_and_dunkirk_one_amazing/
Blade Runner 2049,2017-10-04,76hyhd,The Poetry of Blade Runner 2049 [SPOILERS],movies,http://birthmoviesdeath.com/2017/10/14/the-poetry-of-blade-runner-2049
Blade Runner 2049,2017-10-04,75059t,Half in the Bag: Blade Runner 2049,movies,https://youtu.be/O1Gqjjq1nic
Blade Runner 2049,2017-10-04,757brd,Sedate expectations: will Blade Runner 2049 give birth to the slow-burn blockbuster?,movies,https://www.theguardian.com/film/filmblog/2017/oct/09/blade-runner-2049-slow-burn-blockbusters-denis-villeneuve?CMP=Share_AndroidApp_reddit_is_fun
Blade Runner 2049,2017-10-04,74dyua,Blade Runner 2049 Original Motion Picture Score by Hans Zimmer & Benjamin Wallfisch is finally out!,movies,https://open.spotify.com/album/5kSUsy5FU3Wcxd4DBvXFm4?si=wZGle4Uq
Blade Runner 2049,2017-10-04,7368et,"BLADE RUNNER 2049 - ""Black Out 2022"" Anime Short",movies,https://www.youtube.com/attribution_link?a=OpkjjXOF0Zs&u=%2Fwatch%3Fv%3DrrZk9sSgRyQ%26feature%3Dshare
Blade Runner 2049,2017-10-04,74o5dm,Blade Runner 2049 reviewed by Mark Kermode,movies,https://www.youtube.com/watch?v=ba8OIbWEHQM
Blade Runner 2049,2017-10-04,73i7d9,"I haven't seen this talked about yet, Blade Runner 2049 has one of the strictest critic embargoes ever",movies,https://www.reddit.com/r/movies/comments/73i7d9/i_havent_seen_this_talked_about_yet_blade_runner/
Blade Runner 2049,2017-10-04,75tm0d,‘Blade Runner 2049’ explores humanity in artificial age,movies,http://www.lcctorch.com/2017/10/blade-runner-2049-explores-humanity-in-artificial-age/
Blade Runner 2049,2017-10-04,74gim6,Roger Deakins on ‘Blade Runner 2049’ and That Elusive First Oscar,movies,http://variety.com/2017/film/awards/blade-runner-2049-roger-deakins-interview-1202579857/
Blade Runner 2049,2017-10-04,739z6o,Denis Villeneuve Finally Explains Why Composer Johann Johannsson Left 'Blade Runner 2049',movies,http://theplaylist.net/johann-johannsson-exit-blade-runner-2049-20170929/
Blade Runner 2049,2017-10-04,74qm0k,Director Denis Villeneuve narrates a scene from Blade Runner 2049| Anatomy of a Scene,movies,https://www.youtube.com/watch?v=S75OKnM_BKU
Blade Runner 2049,2017-10-04,72mf9v,"Excellent First reviews for Blade Runner 2049, Early Screenings Have Some Critics Labeling It a Masterpiece",movies,http://www.indiewire.com/2017/09/blade-runner-2049-first-reviews-denis-villenueve-ryan-gosling-1201880372/
Blade Runner 2049,2017-10-04,760g7w,Director's Cut Podcast: Rian Johnson interviews Denis Villeneuve on Blade Runner 2049,movies,https://soundcloud.com/thedirectorscut/episode-96-blade-runner-2049-with-denis-villeneuve-and-rian-johnson
Black Panther,2018-02-13,7xvumf,Official Discussion: Black Panther [SPOILERS],movies,https://www.reddit.com/r/movies/comments/7xvumf/official_discussion_black_panther_spoilers/
Black Panther,2018-02-13,7xaeju,Unofficial Discussion: Black Panther International Release [SPOILERS],movies,https://www.reddit.com/r/movies/comments/7xaeju/unofficial_discussion_black_panther_international/
Black Panther,2018-02-13,7xvp7v,"For those of us who have seen Black Panther; what’d you think? What’d you like, what could be better, what are you excited for from here, and so on..",movies,https://www.reddit.com/r/movies/comments/7xvp7v/for_those_of_us_who_have_seen_black_panther_whatd/
Black Panther,2018-02-13,7yntae,"Box Office Week: Black Panther smashes at #1 with $201M, making it the 2nd best MCU opening ever and the 5th best domestic opening overall. The film is also expected to gross $235M for the four-day weekend. Meanwhile, Early Man (#7, $3.1M) and Samson (#10, $1.9M) flop.",movies,https://www.reddit.com/r/movies/comments/7yntae/box_office_week_black_panther_smashes_at_1_with/
Black Panther,2018-02-13,80gbwi,Disney Donates $1 Million to Youth STEM Program in Celebration of ‘Black Panther’,movies,https://thewaltdisneycompany.com/disney-donates-1-million-youth-stem-program-celebration-black-panther/
Black Panther,2018-02-13,7ua4zb,"As we prepare to celebrate ‘Black Panther,’ let’s not forget ‘Blade’",movies,https://www.washingtonpost.com/news/act-four/wp/2018/01/31/as-we-prepare-to-celebrate-black-panther-lets-not-forget-blade/
Black Panther,2018-02-13,7vove9,Review Megathread: Black Panther,movies,https://www.reddit.com/r/movies/comments/7vove9/review_megathread_black_panther/
Black Panther,2018-02-13,7y8lpc,YMS - Black Panther,movies,https://youtu.be/urBtAEObqoQ
Inside Out 2,2024-06-11,1dfdj6n,Official Discussion - Inside Out 2 [SPOILERS],movies,https://www.reddit.com/r/movies/comments/1dfdj6n/official_discussion_inside_out_2_spoilers/
Inside Out 2,2024-06-11,1dfeawr,"Official Discussion Megathread [Inside Out 2, Tuesday]",movies,https://www.reddit.com/r/movies/comments/1dfeawr/official_discussion_megathread_inside_out_2/
Beauty and the Beast,2017-03-16,5zuxzg,Official Discussion: Beauty and the Beast (2017) [SPOILERS],movies,https://www.reddit.com/r/movies/comments/5zuxzg/official_discussion_beauty_and_the_beast_2017/
Beauty and the Beast,2017-03-16,5zy8tc,"Why are there so many remakes and reboots, such as Beauty and the Beast? Are most of the best stories already told? Is it just easier to work with the nostalgia and existing memories we collectively have already?",movies,https://www.reddit.com/r/movies/comments/5zy8tc/why_are_there_so_many_remakes_and_reboots_such_as/
Beauty and the Beast,2017-03-16,5zm395,The Prince's age in Beauty and the Beast: an incorrect assumption that has gone on for far too long,movies,https://www.reddit.com/r/movies/comments/5zm395/the_princes_age_in_beauty_and_the_beast_an/
Avengers: Endgame,2019-04-24,bh8iei,Official Discussion - Avengers: Endgame [SPOILERS],movies,https://www.reddit.com/r/movies/comments/bh8iei/official_discussion_avengers_endgame_spoilers/
Avengers: Endgame,2019-04-24,bgnl7y,Live Thread - Avengers: Endgame [SPOILERS],movies,https://www.reddit.com/r/movies/comments/bgnl7y/live_thread_avengers_endgame_spoilers/
Avengers: Endgame,2019-04-24,bk33kl,Official Discussion - Avengers: Endgame (2nd Thread) [SPOILERS],movies,https://www.reddit.com/r/movies/comments/bk33kl/official_discussion_avengers_endgame_2nd_thread/
Avengers: Endgame,2019-04-24,bfr4nu,So apparently there's this film called Avengers: Endgame coming out this weekend. I guess a few of you are excited about it so here's what's happening in terms of the official discussion.,movies,https://www.reddit.com/r/movies/comments/bfr4nu/so_apparently_theres_this_film_called_avengers/
Avengers: Endgame,2019-04-24,bh8jn7,"Weekly Official Discussion Megathread (Avengers: Endgame, High Life, Under the Silver Lake)",movies,https://www.reddit.com/r/movies/comments/bh8jn7/weekly_official_discussion_megathread_avengers/
Avengers: Endgame,2019-04-24,bk38qh,"Official Discussion Weekly Megathread (Avengers: Endgame [new thread], Extremely Wicked Shockingly Evil and Vile, The Intruder, Long Shot, UglyDolls)",movies,https://www.reddit.com/r/movies/comments/bk38qh/official_discussion_weekly_megathread_avengers/
Avengers: Endgame,2019-04-24,bgw6zo,"Weekly Official Discussion Megathread (Avengers: Endgame, Under the Silver Lake)",movies,https://www.reddit.com/r/movies/comments/bgw6zo/weekly_official_discussion_megathread_avengers/
Avengers: Endgame,2019-04-24,bkz3bj,"""Avengers: Endgame"" becomes the fifth movie to pass $2B worldwide. Currently it stands at $2.188B making it the second highest grossing film worldwide.",movies,https://www.hollywoodreporter.com/news/box-office-avengers-endgame-passes-titanic-at-global-box-office-22b-1207494
Avengers: Endgame,2019-04-24,bihvw7,"Box Office Week: Avengers: Endgame tops the all time domestic and worldwide opening weekend records set by Avengers: Infinity War, opening to a monumental $350M domestic and $1.2B worldwide. The film is now the 18th highest grossing film of all time after just 3 days.",movies,https://www.reddit.com/r/movies/comments/bihvw7/box_office_week_avengers_endgame_tops_the_all/
Avengers: Endgame,2019-04-24,biwves,Final numbers: ‘Avengers: Endgame’ sets the record for biggest domestic opening of all time at $357.1M and the biggest worldwide opening at $1.22B,movies,https://hnentertainment.co/update-avengers-endgame-surpasses-estimates-as-the-marvel-film-hulked-out-at-the-domestic-box-office-and-earned-357m/
Avengers: Endgame,2019-04-24,bgmhax,Avengers: Endgame Review Megathread,movies,https://www.reddit.com/r/movies/comments/bgmhax/avengers_endgame_review_megathread/
Avengers: Endgame,2019-04-24,bl6vdu,Box Office Week - Avengers: Endgame is #1 again with $145.8M. Worldwide it has passed $2.18B making it the second highest grossing film of all time. The Intruder opens okay at #2 with $11M. Long Shot struggles at #3 with $10M. UglyDolls disappoints at #4 with $8.5M.,movies,https://www.reddit.com/r/movies/comments/bl6vdu/box_office_week_avengers_endgame_is_1_again_with/
Avengers: Endgame,2019-04-24,bkz3bj,"""Avengers: Endgame"" becomes the fifth movie to pass $2B worldwide. Currently it stands at $2.188B making it the second highest grossing film worldwide.",movies,https://www.hollywoodreporter.com/news/box-office-avengers-endgame-passes-titanic-at-global-box-office-22b-1207494
Avengers: Endgame,2019-04-24,bh8iei,Official Discussion - Avengers: Endgame [SPOILERS],movies,https://www.reddit.com/r/movies/comments/bh8iei/official_discussion_avengers_endgame_spoilers/
Avengers: Endgame,2019-04-24,bihvw7,"Box Office Week: Avengers: Endgame tops the all time domestic and worldwide opening weekend records set by Avengers: Infinity War, opening to a monumental $350M domestic and $1.2B worldwide. The film is now the 18th highest grossing film of all time after just 3 days.",movies,https://www.reddit.com/r/movies/comments/bihvw7/box_office_week_avengers_endgame_tops_the_all/
Avengers: Endgame,2019-04-24,biwves,Final numbers: ‘Avengers: Endgame’ sets the record for biggest domestic opening of all time at $357.1M and the biggest worldwide opening at $1.22B,movies,https://hnentertainment.co/update-avengers-endgame-surpasses-estimates-as-the-marvel-film-hulked-out-at-the-domestic-box-office-and-earned-357m/
Avengers: Endgame,2019-04-24,bgnl7y,Live Thread - Avengers: Endgame [SPOILERS],movies,https://www.reddit.com/r/movies/comments/bgnl7y/live_thread_avengers_endgame_spoilers/
Avengers: Endgame,2019-04-24,bgmhax,Avengers: Endgame Review Megathread,movies,https://www.reddit.com/r/movies/comments/bgmhax/avengers_endgame_review_megathread/
Avengers: Endgame,2019-04-24,bk33kl,Official Discussion - Avengers: Endgame (2nd Thread) [SPOILERS],movies,https://www.reddit.com/r/movies/comments/bk33kl/official_discussion_avengers_endgame_2nd_thread/
Avengers: Endgame,2019-04-24,bl6vdu,Box Office Week - Avengers: Endgame is #1 again with $145.8M. Worldwide it has passed $2.18B making it the second highest grossing film of all time. The Intruder opens okay at #2 with $11M. Long Shot struggles at #3 with $10M. UglyDolls disappoints at #4 with $8.5M.,movies,https://www.reddit.com/r/movies/comments/bl6vdu/box_office_week_avengers_endgame_is_1_again_with/
Red One,2024-10-31,1gl2gpf,'Red One' Review Thread,movies,https://www.reddit.com/r/movies/comments/1gl2gpf/red_one_review_thread/
Red One,2024-10-31,1godnib,Red One,movies,https://www.reddit.com/r/movies/comments/1godnib/red_one/
Interstellar,2014-11-05,2lbvpl,Official Discussion: Interstellar (Early Release) [SPOILERS],movies,https://www.reddit.com/r/movies/comments/2lbvpl/official_discussion_interstellar_early_release/
Interstellar,2014-11-05,2ljk71,Official Discussion: Interstellar (Wide Release) [SPOILERS],movies,https://www.reddit.com/r/movies/comments/2ljk71/official_discussion_interstellar_wide_release/
Interstellar,2014-11-05,2mchd5,Official Discussion: Interstellar (Latecomer Thread) [SPOILERS],movies,https://www.reddit.com/r/movies/comments/2mchd5/official_discussion_interstellar_latecomer_thread/
Interstellar,2014-11-05,2l699g,"Important message on the upcoming Interstellar official discussions. Yes, there will be more than one.",movies,https://www.reddit.com/r/movies/comments/2l699g/important_message_on_the_upcoming_interstellar/
Interstellar,2014-11-05,2lu5o9,Discussion to list 'Interstellar' plot holes,movies,https://www.reddit.com/r/movies/comments/2lu5o9/discussion_to_list_interstellar_plot_holes/
Interstellar,2014-11-05,2lnleu,Discuss the bad parts of Interstellar (spoilers),movies,https://www.reddit.com/r/movies/comments/2lnleu/discuss_the_bad_parts_of_interstellar_spoilers/
Interstellar,2014-11-05,2lrsv5,Interstellar Theory and Discussion [SPOILERS],movies,https://www.reddit.com/r/movies/comments/2lrsv5/interstellar_theory_and_discussion_spoilers/
Interstellar,2014-11-05,2llwpd,Are there no non-spoiler Interstellar discussions?,movies,https://www.reddit.com/r/movies/comments/2llwpd/are_there_no_nonspoiler_interstellar_discussions/
Interstellar,2014-11-05,2mm7bg,An interstellar angle I haven't seen discussed - curious what your thoughts are.,movies,https://www.reddit.com/r/movies/comments/2mm7bg/an_interstellar_angle_i_havent_seen_discussed/
Interstellar,2014-11-05,2lots9,Interstellar Writer Jonathan Nolan Discusses Interstellar Spoilers,movies,http://www.ign.com/articles/2014/11/08/jonathan-nolan-interstellar-spoilers?abthid=545e532e82a6187010000003
Interstellar,2014-11-05,2ltn9f,"SPOILERS!!! ""Interstellar topic of discussion""",movies,https://www.reddit.com/r/movies/comments/2ltn9f/spoilers_interstellar_topic_of_discussion/
Interstellar,2014-11-05,2lii43,Can we get some spoiler-free impressions of Interstellar going?,movies,https://www.reddit.com/r/movies/comments/2lii43/can_we_get_some_spoilerfree_impressions_of/
Interstellar,2014-11-05,2m0ltj,INTERSTELLAR: Too much exposition?,movies,https://www.reddit.com/r/movies/comments/2m0ltj/interstellar_too_much_exposition/
Interstellar,2014-11-05,2louwc,Things I didnt like about Interstellar. (SPOILERS INCLUDED),movies,https://www.reddit.com/r/movies/comments/2louwc/things_i_didnt_like_about_interstellar_spoilers/
Interstellar,2014-11-05,2lu9qk,Addressing a major point of contention in Interstellar,movies,https://www.reddit.com/r/movies/comments/2lu9qk/addressing_a_major_point_of_contention_in/
Interstellar,2014-11-05,2lzhmg,"SPOILER ALERT: Interstellar sucks ass, save your money.",movies,https://www.reddit.com/r/movies/comments/2lzhmg/spoiler_alert_interstellar_sucks_ass_save_your/
Interstellar,2014-11-05,2mf9l1,Interstellar's Ending and 2001: A Space Odyssey,movies,https://www.reddit.com/r/movies/comments/2mf9l1/interstellars_ending_and_2001_a_space_odyssey/
Interstellar,2014-11-05,2lq43c,Up close and personal pictures with the Ranger spacecraft from 'Interstellar' at the Steven F. Udvar-Hazy Center in Chantilly Virginia,movies,https://www.reddit.com/r/movies/comments/2lq43c/up_close_and_personal_pictures_with_the_ranger/
Star Wars: The Last Jedi,2017-12-13,7klyni,"Box Office Week: Star Wars: The Last Jedi has the second highest opening weekend of all time, opening at #1 with $220M, as well as opening to $450M worldwide. Meanwhile, Ferdinand could not compete with the worst Blue Sky Animation opening ever at #2 with $13.3M",movies,https://www.reddit.com/r/movies/comments/7klyni/box_office_week_star_wars_the_last_jedi_has_the/
Star Wars: The Last Jedi,2017-12-13,7m1owj,"Box Office: ""Star Wars: The Last Jedi"" was #1 again this weekend with $68M. However, that marks a massive 68% drop from last weekend, the steepest drop-off ever for a Star Wars film.",movies,http://www.boxofficemojo.com/news/?id=4355&p=.htm
Star Wars: The Last Jedi,2017-12-13,7jc6mu,Review Megathread - Star Wars: The Last Jedi,movies,https://www.reddit.com/r/movies/comments/7jc6mu/review_megathread_star_wars_the_last_jedi/
Star Wars: The Last Jedi,2017-12-13,7jg0rq,"NASA Confirms Astronauts Will Watch 'Star Wars: The Last Jedi' in Space: ""Can confirm the crew will be able to watch it on orbit.""",movies,https://www.inverse.com/article/39339-star-wars-the-last-jedi-nasa-astronauts-iss
Star Wars: The Last Jedi,2017-12-13,7m1owj,"Box Office: ""Star Wars: The Last Jedi"" was #1 again this weekend with $68M. However, that marks a massive 68% drop from last weekend, the steepest drop-off ever for a Star Wars film.",movies,http://www.boxofficemojo.com/news/?id=4355&p=.htm
Star Wars: The Last Jedi,2017-12-13,7klyni,"Box Office Week: Star Wars: The Last Jedi has the second highest opening weekend of all time, opening at #1 with $220M, as well as opening to $450M worldwide. Meanwhile, Ferdinand could not compete with the worst Blue Sky Animation opening ever at #2 with $13.3M",movies,https://www.reddit.com/r/movies/comments/7klyni/box_office_week_star_wars_the_last_jedi_has_the/
Guardians of the Galaxy Vol. 2,2017-04-19,679svd,Official Discussion: Guardians of the Galaxy Vol. 2 [SPOILERS] (International Thread),movies,https://www.reddit.com/r/movies/comments/679svd/official_discussion_guardians_of_the_galaxy_vol_2/
Guardians of the Galaxy Vol. 2,2017-04-19,677jip,Review Megathread: Guardians of the Galaxy Vol. 2,movies,https://www.reddit.com/r/movies/comments/677jip/review_megathread_guardians_of_the_galaxy_vol_2/
Guardians of the Galaxy Vol. 2,2017-04-19,6736z4,[Spotify] Guardians of the Galaxy Vol. 2 – Awesome Mixtape Vol. 2,movies,https://open.spotify.com/user/1166630242/playlist/6uE959Pz1Ii5JdLzZgsu6I
Guardians of the Galaxy Vol. 2,2017-04-19,654gwb,Guardians of the Galaxy Vol. 2 Releasing Two Weeks Early In Australia?,movies,https://www.reddit.com/r/movies/comments/654gwb/guardians_of_the_galaxy_vol_2_releasing_two_weeks/
Guardians of the Galaxy Vol. 2,2017-04-19,682zmv,Guardians Of The Galaxy Vol. 2 reviewed by Mark Kermode,movies,https://www.youtube.com/watch?v=hNwsPcGsLLc
Jurassic World: Fallen Kingdom,2018-06-06,8pa372,Official Discussion - Jurassic World: Fallen Kingdom (International Thread) [SPOILERS],movies,https://www.reddit.com/r/movies/comments/8pa372/official_discussion_jurassic_world_fallen_kingdom/
Jurassic World: Fallen Kingdom,2018-06-06,8q9r9d,"Box Office Week: Ocean's 8 takes #1 with a very good $41.5M, a franchise best. Hereditary surprises with the highest A24 opening ever at #4 with $13M. Hotel Artemis bombs at #8 with just $3.1M. Overseas, Jurassic World: Fallen Kingdom opens to $151.1M, half the overseas opening of Jurassic World.",movies,https://www.reddit.com/r/movies/comments/8q9r9d/box_office_week_oceans_8_takes_1_with_a_very_good/
Jurassic World: Fallen Kingdom,2018-06-06,8ovqpu,'Jurassic World: Fallen Kingdom' - Review Thread,movies,https://www.reddit.com/r/movies/comments/8ovqpu/jurassic_world_fallen_kingdom_review_thread/
Jurassic World: Fallen Kingdom,2018-06-06,8owm1g,Jurassic World: Fallen Kingdom,movies,https://www.reddit.com/r/movies/comments/8owm1g/jurassic_world_fallen_kingdom/
Jurassic World: Fallen Kingdom,2018-06-06,8oud2w,'Jurassic World: Fallen Kingdom' critic review roundup,movies,https://mashable.com/2018/06/05/jurassic-world-fallen-kingdom-review-roundup/?utm_cid=mash-com-Tw-main-link#rDy.KrpKbaq5
Jurassic World: Fallen Kingdom,2018-06-06,8pfh0i,"Listen to Michael Giacchino's Very Intense, Very Different 'Jurassic World: Fallen Kingdom' 'Theme'",movies,http://www.slashfilm.com/fallen-kingdom-theme/#more-489154
Jurassic World: Fallen Kingdom,2018-06-06,8q9r9d,"Box Office Week: Ocean's 8 takes #1 with a very good $41.5M, a franchise best. Hereditary surprises with the highest A24 opening ever at #4 with $13M. Hotel Artemis bombs at #8 with just $3.1M. Overseas, Jurassic World: Fallen Kingdom opens to $151.1M, half the overseas opening of Jurassic World.",movies,https://www.reddit.com/r/movies/comments/8q9r9d/box_office_week_oceans_8_takes_1_with_a_very_good/
Jurassic World: Fallen Kingdom,2018-06-06,8pa372,Official Discussion - Jurassic World: Fallen Kingdom (International Thread) [SPOILERS],movies,https://www.reddit.com/r/movies/comments/8pa372/official_discussion_jurassic_world_fallen_kingdom/
Jurassic World: Fallen Kingdom,2018-06-06,8ovqpu,'Jurassic World: Fallen Kingdom' - Review Thread,movies,https://www.reddit.com/r/movies/comments/8ovqpu/jurassic_world_fallen_kingdom_review_thread/
The Maze Runner,2014-09-10,2gtkn0,Official Discussion: The Maze Runner [SPOILERS],movies,https://www.reddit.com/r/movies/comments/2gtkn0/official_discussion_the_maze_runner_spoilers/
Thor: Ragnarok,2017-10-02,71nfkh,Thor: Ragnarok isn't being shown in IMAX at any cineworld cinemas? (UK),movies,https://www.reddit.com/r/movies/comments/71nfkh/thor_ragnarok_isnt_being_shown_in_imax_at_any/
Kong: Skull Island,2017-03-08,5yjq4s,Official Discussion - Kong: Skull Island [SPOILERS],movies,https://www.reddit.com/r/movies/comments/5yjq4s/official_discussion_kong_skull_island_spoilers/
Kong: Skull Island,2017-03-08,5zgo4b,(Spoliers)[Discussion] An alternative view on Kong: Skull Island...,movies,https://www.reddit.com/r/movies/comments/5zgo4b/spoliersdiscussion_an_alternative_view_on_kong/
Kong: Skull Island,2017-03-08,5zu2ch,"Team Yume Podcast: ""Rember Happy Day"" (A discussion on ""Kong: Skull Island"")",movies,https://www.youtube.com/attribution_link?a=4RNRxXtjebk&u=%2Fwatch%3Fv%3DHd1npkk_bng%26feature%3Dshare
Kong: Skull Island,2017-03-08,5y9y4o,"I am Jordan Vogt-Roberts, director of the film KONG: SKULL ISLAND, and I’m here to answer all your questions about everything! AMA!",movies,https://www.reddit.com/r/movies/comments/5y9y4o/i_am_jordan_vogtroberts_director_of_the_film_kong/
Kong: Skull Island,2017-03-08,5x6gvg,Kong: Skull Island - Review Megathread,movies,https://www.reddit.com/r/movies/comments/5x6gvg/kong_skull_island_review_megathread/
Kong: Skull Island,2017-03-08,5zley2,"I’m Jeff White, Visual Effects Supervisor on KONG: SKULL ISLAND, and I’m here to answer your questions, AMA!",movies,https://www.reddit.com/r/movies/comments/5zley2/im_jeff_white_visual_effects_supervisor_on_kong/
Kong: Skull Island,2017-03-08,5x0kad,Saw an advanced screening of Kong: Skull Island (Spoiler Free),movies,https://www.reddit.com/r/movies/comments/5x0kad/saw_an_advanced_screening_of_kong_skull_island/
Kong: Skull Island,2017-03-08,5yoboy,‘Dunkirk’ Prologue Is Playing with IMAX Showings of ‘Kong: Skull Island’,movies,http://www.slashfilm.com/dunkirk-prologue-playing-with-kong-skull-island/
Kong: Skull Island,2017-03-08,5y0lxl,I feel so bad for Kong: Skull Island. I imagine it was the wrong time to release the movie with Logan and TBatB flanking it.,movies,https://www.reddit.com/r/movies/comments/5y0lxl/i_feel_so_bad_for_kong_skull_island_i_imagine_it/
Kong: Skull Island,2017-03-08,5whw11,Kong: Skull Island - Rise of the King [Official Final Trailer],movies,https://youtu.be/44LdLqgOpjo
Kong: Skull Island,2017-03-08,5zd41a,'Metal Gear' Creator on Why 'Kong: Skull Island' Redefines Monster Movies,movies,http://www.rollingstone.com/culture/hideo-kojima-kong-skull-island-redefines-monster-movies-w471880
Kong: Skull Island,2017-03-08,5ykz4i,"""KONG: Skull island (2017)"" premiere in Ho Chi Minh city, Vietnam (where they shot the film) was deep in fire (yesterday, by accident).",movies,https://i.redd.it/8f749zp0ijky.jpg
Kong: Skull Island,2017-03-08,60j7hp,Got mixed messages from star power in Kong: Skull Island,movies,https://www.reddit.com/r/movies/comments/60j7hp/got_mixed_messages_from_star_power_in_kong_skull/
Kong: Skull Island,2017-03-08,5za022,"‘Kong: Skull Island,’ ‘Logan’ and Why March Is Kicking Off Summer Blockbuster Season",movies,http://variety.com/2017/film/box-office/kong-skull-island-box-office-logan-2-1202007302/
Kong: Skull Island,2017-03-08,5x1ac8,I just got back from an early screening of Kong: Skull Island. AMA?,movies,https://www.reddit.com/r/movies/comments/5x1ac8/i_just_got_back_from_an_early_screening_of_kong/
Kong: Skull Island,2017-03-08,5ynfir,Mark Kermode reviews Kong: Skull Island,movies,https://www.youtube.com/watch?v=b-3zcvZTH7M
Kong: Skull Island,2017-03-08,5zsv9l,New 'Kong: Skull Island' concept art reveals 'The Host'-inspired villain designs and creatures that got cut from the film,movies,https://www.inverse.com/article/29116-kong-skull-island-concept-creature-art-designs-unused-monsters
Kong: Skull Island,2017-03-08,5vgtpy,Kong: Skull Island Movie CLIP - Is That a Monkey? (2017) - Brie Larson Movie,movies,https://www.youtube.com/watch?v=V7nZWWTbJb8
Kong: Skull Island,2017-03-08,5wmcgh,Kong: Skull Island - Rise of the King [Official Final Trailer],movies,https://www.youtube.com/watch?v=44LdLqgOpjo
Kong: Skull Island,2017-03-08,5zcatn,Kong: Skull Island is king of the UK box office.,movies,https://www.theguardian.com/film/filmblog/2017/mar/14/kong-skull-island-tops-uk-box-office-logan-lego-batman-movie?CMP=twt_a-film_b-gdnfilm
Kong: Skull Island,2017-03-08,5wi1t6,Kong: Skull Island - Rise of the King [Official Final Trailer],movies,https://www.youtube.com/watch?v=44LdLqgOpjo
Kong: Skull Island,2017-03-08,5vngfo,"KONG: SKULL ISLAND - ""Graveyard"" Clip",movies,https://youtu.be/lBOL1g62og4
Kong: Skull Island,2017-03-08,5wotsa,Kong: Skull Island – Skull Island 360 Experience,movies,https://www.youtube.com/watch?v=SI_b2cWceVo&feature=youtu.be
Kong: Skull Island,2017-03-08,5yjq4s,Official Discussion - Kong: Skull Island [SPOILERS],movies,https://www.reddit.com/r/movies/comments/5yjq4s/official_discussion_kong_skull_island_spoilers/
Kong: Skull Island,2017-03-08,5y9y4o,"I am Jordan Vogt-Roberts, director of the film KONG: SKULL ISLAND, and I’m here to answer all your questions about everything! AMA!",movies,https://www.reddit.com/r/movies/comments/5y9y4o/i_am_jordan_vogtroberts_director_of_the_film_kong/
Kong: Skull Island,2017-03-08,5x6gvg,Kong: Skull Island - Review Megathread,movies,https://www.reddit.com/r/movies/comments/5x6gvg/kong_skull_island_review_megathread/
Kong: Skull Island,2017-03-08,5zley2,"I’m Jeff White, Visual Effects Supervisor on KONG: SKULL ISLAND, and I’m here to answer your questions, AMA!",movies,https://www.reddit.com/r/movies/comments/5zley2/im_jeff_white_visual_effects_supervisor_on_kong/
Kong: Skull Island,2017-03-08,5x0kad,Saw an advanced screening of Kong: Skull Island (Spoiler Free),movies,https://www.reddit.com/r/movies/comments/5x0kad/saw_an_advanced_screening_of_kong_skull_island/
Wonder Woman,2017-05-30,6erigc,Official Discussion - Wonder Woman [SPOILERS],movies,https://www.reddit.com/r/movies/comments/6erigc/official_discussion_wonder_woman_spoilers/
Wonder Woman,2017-05-30,6e4zna,WONDER WOMAN review megathread,movies,https://www.reddit.com/r/movies/comments/6e4zna/wonder_woman_review_megathread/
Wonder Woman,2017-05-30,6fpqnx,Wonder Woman at 93% on RT kind of baffles me. A discussion about the merits of the film.,movies,https://www.reddit.com/r/movies/comments/6fpqnx/wonder_woman_at_93_on_rt_kind_of_baffles_me_a/
Wonder Woman,2017-05-30,6gd0qi,"(Wonder Woman) I am terrible with accents. Does Gal Gadot have an Israeli accent in her films, and the rest of the Amazons molded their accents after hers for continuity? Or is it a legit foreign accent heard nowhere in the world?",movies,https://www.reddit.com/r/movies/comments/6gd0qi/wonder_woman_i_am_terrible_with_accents_does_gal/
Wonder Woman,2017-05-30,6ejclu,"Similar other filmmakers that r/movies love, Patty Jenkins shot ""Wonder Woman"" in 35mm...",movies,https://www.reddit.com/r/movies/comments/6ejclu/similar_other_filmmakers_that_rmovies_love_patty/
Wonder Woman,2017-05-30,6fedwg,"Box Office Week: Wonder Woman smashes predictions opening at #1 with $100.5M domestic and $223M worldwide, setting multiple opening weekend records for a female director. Meanwhile Captain Underpants: The First Epic Movie opens to a weak #2 with $23.5M but cost only $38M to make.",movies,https://www.reddit.com/r/movies/comments/6fedwg/box_office_week_wonder_woman_smashes_predictions/
Wonder Woman,2017-05-30,6evi0w,Patty Jenkins Officially Back For Wonder Woman 2,movies,http://screenrant.com/wonder-woman-2-patty-jenkins-director-setting/
Wonder Woman,2017-05-30,6gc5mp,"I am Patty Jenkins, director of ""Monster"" and ""Wonder Woman"". AMA!",movies,https://www.reddit.com/r/movies/comments/6gc5mp/i_am_patty_jenkins_director_of_monster_and_wonder/
Wonder Woman,2017-05-30,6d7ixb,Just got home from a Wonder Woman screener,movies,https://www.reddit.com/r/movies/comments/6d7ixb/just_got_home_from_a_wonder_woman_screener/
Wonder Woman,2017-05-30,6f7yen,Legal Complaints Filed Over Alamo Drafthouse Female-Only Wonder Woman Screenings.,movies,http://www.vulture.com/2017/06/complaints-filed-over-female-only-wonder-woman-screenings.html
Wonder Woman,2017-05-30,6gsfj2,"Box Office Week: Wonder Woman has incredible 2nd weekend at #1 with $57.1M, dropping just 45%. The Mummy opens to a terrible $32.2M in US, but has largest opening ever for Tom Cruise overseas, $141.8M. It Comes At Night opens to weak #6 with $6M and scores an awful D rating on Cinemascore.",movies,https://www.reddit.com/r/movies/comments/6gsfj2/box_office_week_wonder_woman_has_incredible_2nd/
Dark Phoenix,2019-06-05,bxi6qu,Official Discussion: Dark Phoenix [SPOILERS],movies,https://www.reddit.com/r/movies/comments/bxi6qu/official_discussion_dark_phoenix_spoilers/
Dark Phoenix,2019-06-05,bxhsga,"Official Discussion Weekly Megathread (Always Be My Maybe, Dark Phoenix, The Secret Life of Pets 2,",movies,https://www.reddit.com/r/movies/comments/bxhsga/official_discussion_weekly_megathread_always_be/
Dark Phoenix,2019-06-05,bwz9bo,'Dark Phoenix' Review Thread,movies,https://www.reddit.com/r/movies/comments/bwz9bo/dark_phoenix_review_thread/
Dark Phoenix,2019-06-05,c0pyut,"In a surprising interview Simon Kinberg, the director and writer of X-Men film Dark Phoenix, went on the podcast The Business to talk honestly about the film's massive financial failure, the troubled production, and it's weird limbo state between Fox and Disney.",movies,https://www.kcrw.com/culture/shows/the-business/director-simon-kinberg-on-the-dark-fate-of-dark-phoenix/the-business-exclusive-simon-kinberg-on-the-dark-fate-of-dark-phoenix
Dark Phoenix,2019-06-05,c1nm37,"Box Office Week: Another rough summer weekend as Men in Black International takes #1 with a weak $28.5M. Shaft (2019) bombs opening at #6 with $8.3M. Late Night has a bad wide release debut at #9 with $5.1M. Dark Phoenix has awful second weekend, dropping 72% to come in with just $9M.",movies,https://www.reddit.com/r/movies/comments/c1nm37/box_office_week_another_rough_summer_weekend_as/
Dark Phoenix,2019-06-05,byybkj,"""We Were Wrong"": Behind Fox's 'Dark Phoenix' Debacle",movies,https://www.hollywoodreporter.com/heat-vision/we-were-wrong-behind-dark-phoenix-foxs-dismal-x-men-franchise-finale-plans-1216859
Dark Phoenix,2019-06-05,byn1bp,"Box Office Week: A disappointing summer weekend as Secret Life of Pets 2 underwhelms at #1 with $47.1M, more than half the opening of the first film. Dark Phoenix has the lowest opening of the X-Men franchise with a disastrous $33M debut at #2 on a $200M budget.",movies,https://www.reddit.com/r/movies/comments/byn1bp/box_office_week_a_disappointing_summer_weekend_as/
Dark Phoenix,2019-06-05,byybqk,Half in the Bag: Godzilla: King of the Monsters and Dark Phoenix,movies,https://youtu.be/Uu9JFs-Dmb0
Dark Phoenix,2019-06-05,bs6vo4,"Dark Phoenix | ""Chopper Fight"" Clip | 20th Century FOX",movies,https://youtu.be/w_6gkkZeGe0
Dark Phoenix,2019-06-05,bx4w3d,"People who have actually seen Dark Phoenix, what did you think?",movies,https://www.reddit.com/r/movies/comments/bx4w3d/people_who_have_actually_seen_dark_phoenix_what/
Dark Phoenix,2019-06-05,c0hl10,"Dark Phoenix is by no means a masterpiece, but it's massively better than Captain Marvel.",movies,https://www.reddit.com/r/movies/comments/c0hl10/dark_phoenix_is_by_no_means_a_masterpiece_but_its/
Dark Phoenix,2019-06-05,bycceo,Seeing Dark Phoenix in 4DX?,movies,https://www.reddit.com/r/movies/comments/bycceo/seeing_dark_phoenix_in_4dx/
Dark Phoenix,2019-06-05,bx0drb,Can I watch Dark Phoenix without seeing any of the new X-men films??,movies,https://www.reddit.com/r/movies/comments/bx0drb/can_i_watch_dark_phoenix_without_seeing_any_of/
Dark Phoenix,2019-06-05,bscs7q,Simon Kinberg Talks That Death In New ‘Dark Phoenix’ Trailer & Giving “Closure” Fox’s ‘X-Men’ Franchise,movies,https://theplaylist.net/simon-kinberg-death-dark-phoenix-20190228/
Transformers: The Last Knight,2017-06-16,6iit8a,Official Discussion - Transformers: The Last Knight [SPOILERS],movies,https://www.reddit.com/r/movies/comments/6iit8a/official_discussion_transformers_the_last_knight/
Transformers: The Last Knight,2017-06-16,6j8srp,A notice about the aspect ratio in Transformers: The Last Knight,movies,https://i.redd.it/ocgs2oa56m5z.jpg
Transformers: The Last Knight,2017-06-16,6j1qo2,Transformers: The Last Knight reviewed by Mark Kermode,movies,https://youtu.be/1ee6xh5AmQo
Transformers: The Last Knight,2017-06-16,6jugrj,"Has Michael Bay Fallen Out of Love With the Military in 'Transformers: The Last Knight'? Amid the cacophony of Transformers: The Last Knight, one thing stands out as strange: The soldiers are the villains.",movies,https://www.theatlantic.com/entertainment/archive/2017/06/has-michael-bay-fallen-out-of-love-with-the-military/531759/
Transformers: The Last Knight,2017-06-16,6i5y10,Transformers: The Last Knight - Hot Rod Clip,movies,https://www.youtube.com/watch?v=uED8CYDB7e4&feature=youtu.be
Transformers: The Last Knight,2017-06-16,6iq9ef,In depth Transformers: The Last Knight movie Review (spoiler and spoiler free),movies,https://www.reddit.com/r/movies/comments/6iq9ef/in_depth_transformers_the_last_knight_movie/
Transformers: The Last Knight,2017-06-16,6jv7if,This io9 summary of the 'Transformers: the last knight' plot is absolutely glorious,movies,http://io9.gizmodo.com/transformers-the-last-knight-the-spoiler-faq-1796409426
Transformers: The Last Knight,2017-06-16,6jhc68,3 Reasons Why ‘Transformers: The Last Knight’ Folded at the Domestic Box Office,movies,http://variety.com/2017/tv/news/transformers-the-last-knight-box-office-analysis-1202477930/
Transformers: The Last Knight,2017-06-16,6hj6ny,Transformers: The Last Knight confirmed to be 2 hours & 29 minutes,movies,http://comicbook.com/movies/2017/06/15/transformers-5-runtime-length-official
Transformers: The Last Knight,2017-06-16,6g4rwm,Transformers: The Last Knight - Chaos | Paramount Pictures,movies,https://www.youtube.com/watch?v=oVpTDKYNxXE
Transformers: The Last Knight,2017-06-16,6irz1p,Transformers: The Last Knight review – as tinnitus-inducingly pointless as ever,movies,https://www.theguardian.com/film/2017/jun/21/transformers-the-last-knight-review-as-tinnitus-inducingly-pointless-as-ever-michael-bay
Transformers: The Last Knight,2017-06-16,6ihy9l,‘Transformers: The Last Knight’ Review,movies,http://screencrush.com/transformers-the-last-knight-review/
Transformers: The Last Knight,2017-06-16,6izg03,TRANSFORMERS: THE LAST KNIGHT - Movie Review in 1 Minute,movies,https://youtu.be/gmdoBa9m0_4
Transformers: The Last Knight,2017-06-16,6imsls,"‘Transformers: The Last Knight’ Review: Badder, and Therefore Better",movies,http://variety.com/2017/film/reviews/transformers-the-last-knight-review-mark-wahlberg-1202470295/
Transformers: The Last Knight,2017-06-16,6iwcww,Transformers: The Last Knight(with shia lebeouf),movies,https://youtu.be/y30HH4f0_mw
Transformers: The Last Knight,2017-06-16,6k406w,20 things that actually happen in Transformers: The Last Knight,movies,https://youtu.be/FZXopZjBYo8?t=1m25s
Transformers: The Last Knight,2017-06-16,6iri8q,Who is Transformers: The Last Knight's Unicron?,movies,http://comicbook.com/movies/2017/06/22/who-is-transformers-the-last-knights-unicron-/
Transformers: The Last Knight,2017-06-16,6isqqd,'Transformers: The Last Knight': That Baffling End-Credits Scene Explain...,movies,https://www.youtube.com/attribution_link?a=VBs2chH02ZA&u=%2Fwatch%3Fv%3DzzYHxhCcRe8%26feature%3Dshare
Transformers: The Last Knight,2017-06-16,6gytwl,"Transformers: The Last Knight ""Bumblebee"" Spot",movies,http://portfolios.risd.edu/gallery/53616469/Bumblebee
Transformers: The Last Knight,2017-06-16,6j8srp,A notice about the aspect ratio in Transformers: The Last Knight,movies,https://i.redd.it/ocgs2oa56m5z.jpg
Transformers: The Last Knight,2017-06-16,6iit8a,Official Discussion - Transformers: The Last Knight [SPOILERS],movies,https://www.reddit.com/r/movies/comments/6iit8a/official_discussion_transformers_the_last_knight/
The Accountant,2016-10-13,57e1ec,Official Discussion: The Accountant [SPOILERS],movies,https://www.reddit.com/r/movies/comments/57e1ec/official_discussion_the_accountant_spoilers/
The Accountant,2016-10-13,57bpzi,"I really hope audiences' opinions of ""The Accountant"" are better than the critics'",movies,https://www.reddit.com/r/movies/comments/57bpzi/i_really_hope_audiences_opinions_of_the/
Avatar: The Way of Water,2022-12-14,zn4cfq,Official Discussion - Avatar: The Way of Water [SPOILERS],movies,https://www.reddit.com/r/movies/comments/zn4cfq/official_discussion_avatar_the_way_of_water/
Avatar: The Way of Water,2022-12-14,zt52bd,Official Discussion Megathread (Avatar: The Way of Water / The Whale / Puss In Boots: The Last Wish / Babylon / Night at the Museum: Kahmunrah Rises Again),movies,https://www.reddit.com/r/movies/comments/zt52bd/official_discussion_megathread_avatar_the_way_of/
Avatar: The Way of Water,2022-12-14,zr8gif,Official Discussion Megathread (Avatar: The Way of Water / The Whale),movies,https://www.reddit.com/r/movies/comments/zr8gif/official_discussion_megathread_avatar_the_way_of/
Avatar: The Way of Water,2022-12-14,zl1917,'Avatar: The Way of Water' Review Thread,movies,https://www.reddit.com/r/movies/comments/zl1917/avatar_the_way_of_water_review_thread/
Avatar: The Way of Water,2022-12-14,zgbq4l,"""Avatar: The Way of Water"" early reactions/reviews thread",movies,https://variety.com/2022/film/news/avatar-2-first-reactions-james-cameron-masterpiece-1235451389/
Avatar: The Way of Water,2022-12-14,zhia2x,Open Caption Screenings of Avatar: The Way of Water on Opening Weekend,movies,https://www.reddit.com/r/movies/comments/zhia2x/open_caption_screenings_of_avatar_the_way_of/
Avatar: The Way of Water,2022-12-14,z9pujj,"Do you have any plans to see ""Avatar: The Way of Water"" with open captions?",movies,https://www.reddit.com/r/movies/comments/z9pujj/do_you_have_any_plans_to_see_avatar_the_way_of/
Avatar: The Way of Water,2022-12-14,zn4cfq,Official Discussion - Avatar: The Way of Water [SPOILERS],movies,https://www.reddit.com/r/movies/comments/zn4cfq/official_discussion_avatar_the_way_of_water/
Avatar: The Way of Water,2022-12-14,zl1917,'Avatar: The Way of Water' Review Thread,movies,https://www.reddit.com/r/movies/comments/zl1917/avatar_the_way_of_water_review_thread/
Avatar: The Way of Water,2022-12-14,zgbq4l,"""Avatar: The Way of Water"" early reactions/reviews thread",movies,https://variety.com/2022/film/news/avatar-2-first-reactions-james-cameron-masterpiece-1235451389/
Avatar: The Way of Water,2022-12-14,zn4cfq,Official Discussion - Avatar: The Way of Water [SPOILERS],movies,https://www.reddit.com/r/movies/comments/zn4cfq/official_discussion_avatar_the_way_of_water/
Avatar: The Way of Water,2022-12-14,zt52bd,Official Discussion Megathread (Avatar: The Way of Water / The Whale / Puss In Boots: The Last Wish / Babylon / Night at the Museum: Kahmunrah Rises Again),movies,https://www.reddit.com/r/movies/comments/zt52bd/official_discussion_megathread_avatar_the_way_of/
Avatar: The Way of Water,2022-12-14,zr8gif,Official Discussion Megathread (Avatar: The Way of Water / The Whale),movies,https://www.reddit.com/r/movies/comments/zr8gif/official_discussion_megathread_avatar_the_way_of/
Avatar: The Way of Water,2022-12-14,zl1917,'Avatar: The Way of Water' Review Thread,movies,https://www.reddit.com/r/movies/comments/zl1917/avatar_the_way_of_water_review_thread/
Avatar: The Way of Water,2022-12-14,zgbq4l,"""Avatar: The Way of Water"" early reactions/reviews thread",movies,https://variety.com/2022/film/news/avatar-2-first-reactions-james-cameron-masterpiece-1235451389/
Avatar: The Way of Water,2022-12-14,zhia2x,Open Caption Screenings of Avatar: The Way of Water on Opening Weekend,movies,https://www.reddit.com/r/movies/comments/zhia2x/open_caption_screenings_of_avatar_the_way_of/
Avatar: The Way of Water,2022-12-14,z9pujj,"Do you have any plans to see ""Avatar: The Way of Water"" with open captions?",movies,https://www.reddit.com/r/movies/comments/z9pujj/do_you_have_any_plans_to_see_avatar_the_way_of/
Avatar: The Way of Water,2022-12-14,zn4cfq,Official Discussion - Avatar: The Way of Water [SPOILERS],movies,https://www.reddit.com/r/movies/comments/zn4cfq/official_discussion_avatar_the_way_of_water/
Avatar: The Way of Water,2022-12-14,zl1917,'Avatar: The Way of Water' Review Thread,movies,https://www.reddit.com/r/movies/comments/zl1917/avatar_the_way_of_water_review_thread/
Avatar: The Way of Water,2022-12-14,zgbq4l,"""Avatar: The Way of Water"" early reactions/reviews thread",movies,https://variety.com/2022/film/news/avatar-2-first-reactions-james-cameron-masterpiece-1235451389/
The Avengers,2012-04-25,t6jb8,The Avengers spoiler filled discussion; critiques are welcome,movies,https://www.reddit.com/r/movies/comments/t6jb8/the_avengers_spoiler_filled_discussion_critiques/
The Avengers,2012-04-25,tdded,The Avengers (first) post credits scene discussion *SPOILERS INSIDE*,movies,https://www.reddit.com/r/movies/comments/tdded/the_avengers_first_post_credits_scene_discussion/
The Avengers,2012-04-25,tbmks,"Marvel's Kevin Feige Discusses THE AVENGERS 2, The Skrulls, and CAPTAIN AMERICA 2",movies,http://geektyrant.com/news/2012/5/7/marvels-kevin-feige-discusses-the-avengers-2-the-skrulls-and.html
Bad Boys: Ride or Die,2024-06-05,1da01o1,Official Discussion- Bad Boys: Ride or Die [SPOILERS],movies,https://www.reddit.com/r/movies/comments/1da01o1/official_discussion_bad_boys_ride_or_die_spoilers/
Bad Boys: Ride or Die,2024-06-05,1dan4lc,Official Discussion Megathread (Bad Boys: Ride or Die / The Watchers / In a Violent Nature),movies,https://www.reddit.com/r/movies/comments/1dan4lc/official_discussion_megathread_bad_boys_ride_or/
Bad Boys: Ride or Die,2024-06-05,1daelqp,Can 'Bad Boys: Ride or Die' Jump-Start Will Smith's Comeback?,movies,https://www.hollywoodreporter.com/movies/movie-news/can-bad-boys-ride-or-die-will-smith-1235916189/
Bad Boys: Ride or Die,2024-06-05,1da01o1,Official Discussion- Bad Boys: Ride or Die [SPOILERS],movies,https://www.reddit.com/r/movies/comments/1da01o1/official_discussion_bad_boys_ride_or_die_spoilers/
Bad Boys: Ride or Die,2024-06-05,1daelqp,Can 'Bad Boys: Ride or Die' Jump-Start Will Smith's Comeback?,movies,https://www.hollywoodreporter.com/movies/movie-news/can-bad-boys-ride-or-die-will-smith-1235916189/
Bad Boys: Ride or Die,2024-06-05,1dan4lc,Official Discussion Megathread (Bad Boys: Ride or Die / The Watchers / In a Violent Nature),movies,https://www.reddit.com/r/movies/comments/1dan4lc/official_discussion_megathread_bad_boys_ride_or/
Spider-Man: No Way Home,2021-12-15,ri7eum,Official Discussion - Spider-Man: No Way Home [SPOILERS],movies,https://www.reddit.com/r/movies/comments/ri7eum/official_discussion_spiderman_no_way_home_spoilers/
Spider-Man: No Way Home,2021-12-15,rnopfd,Official Discussion Megathread (Nightmare Alley / Spider-Man: No Way Home / Red Rocket / The King's Man / Sing 2 / The Matrix Resurrections / Don't Look Up / Licorice Pizza),movies,https://www.reddit.com/r/movies/comments/rnopfd/official_discussion_megathread_nightmare_alley/
Spider-Man: No Way Home,2021-12-15,rg4u29,Spider-Man: No Way Home Critic Reviews Megathread,movies,https://www.reddit.com/r/movies/comments/rg4u29/spiderman_no_way_home_critic_reviews_megathread/
Spider-Man: No Way Home,2021-12-15,rh7ptq,"If you don't want ""Spider-Man: No Way Home"" spoiled for you, get off of Reddit until you've seen it",movies,https://www.reddit.com/r/movies/comments/rh7ptq/if_you_dont_want_spiderman_no_way_home_spoiled/
Spider-Man: No Way Home,2021-12-15,ri7eum,Official Discussion - Spider-Man: No Way Home [SPOILERS],movies,https://www.reddit.com/r/movies/comments/ri7eum/official_discussion_spiderman_no_way_home_spoilers/
Spider-Man: No Way Home,2021-12-15,rg4u29,Spider-Man: No Way Home Critic Reviews Megathread,movies,https://www.reddit.com/r/movies/comments/rg4u29/spiderman_no_way_home_critic_reviews_megathread/
Dunkirk,2017-07-19,6ol0kp,Official Discussion: Dunkirk [SPOILERS],movies,https://www.reddit.com/r/movies/comments/6ol0kp/official_discussion_dunkirk_spoilers/
Dunkirk,2017-07-19,6p8prp,"Box Office Week: Dunkirk opens to a very strong $50.5M, Girls Trip surprises opening at #2 with $30.3M, Valerian bombs opening at #5 with $17M on a budget of $209M, and Wonder Woman ($389M) passes Guardians of the Galaxy Vol. 2's domestic gross ($387M) becoming the 2nd highest grossing film of 2017",movies,https://www.reddit.com/r/movies/comments/6p8prp/box_office_week_dunkirk_opens_to_a_very_strong/
Dunkirk,2017-07-19,6mxv82,Pumped for a Dunkirk preview screening + extended introduction from Nolan himself,movies,https://www.reddit.com/r/movies/comments/6mxv82/pumped_for_a_dunkirk_preview_screening_extended/
Back in Action,2025-01-15,1i4wcxi,Back in Action on Netflix,movies,https://www.reddit.com/r/movies/comments/1i4wcxi/back_in_action_on_netflix/
Alien: Romulus,2024-08-13,1etd3cf,Official Discussion - Alien: Romulus [SPOILERS],movies,https://www.reddit.com/r/movies/comments/1etd3cf/official_discussion_alien_romulus_spoilers/
Alien: Romulus,2024-08-13,1etd5ca,Official Discussion Megathread (Alien: Romulus / Jackpot! / Sing Sing),movies,https://www.reddit.com/r/movies/comments/1etd5ca/official_discussion_megathread_alien_romulus/
Alien: Romulus,2024-08-13,1es9ugh,'Alien: Romulus' Review Thread,movies,https://www.reddit.com/r/movies/comments/1es9ugh/alien_romulus_review_thread/
Alien: Romulus,2024-08-13,1eosg6j,New poster for ‘ALIEN: ROMULUS.’ ,movies,https://i.redd.it/1vemzxv14uhd1.jpeg
Alien: Romulus,2024-08-13,1efxbpe,New posters for “Alien: Romulus”,movies,https://imgur.com/a/w6vtZtw
Alien: Romulus,2024-08-13,1eyym4j,Four Favorites with Ridley Scott and Fede Álvarez (Alien: Romulus),movies,https://youtu.be/SJbFhzNphPI?si=DvHJ-H9diBbnWkDB
Alien: Romulus,2024-08-13,1eo33mi,"Interview with Fede Alvarez for Alien: Romulus (Evolution of the Xenomorph, the legacy of the Alien franchise and more)",movies,https://www.youtube.com/watch?v=bGF2AoWxm_s
Alien: Romulus,2024-08-13,1es9ugh,'Alien: Romulus' Review Thread,movies,https://www.reddit.com/r/movies/comments/1es9ugh/alien_romulus_review_thread/
Alien: Romulus,2024-08-13,1etd3cf,Official Discussion - Alien: Romulus [SPOILERS],movies,https://www.reddit.com/r/movies/comments/1etd3cf/official_discussion_alien_romulus_spoilers/
Alien: Romulus,2024-08-13,1eosg6j,New poster for ‘ALIEN: ROMULUS.’ ,movies,https://i.redd.it/1vemzxv14uhd1.jpeg
Alien: Romulus,2024-08-13,1efxbpe,New posters for “Alien: Romulus”,movies,https://imgur.com/a/w6vtZtw
Baywatch,2017-05-25,6de4el,Official Discussion: Baywatch [SPOILERS],movies,https://www.reddit.com/r/movies/comments/6de4el/official_discussion_baywatch_spoilers/
Baywatch,2017-05-25,6e1pr2,"Pirates of the Caribbean 5 takes #1 with a mediocre $77M for holiday weekend, but does well overseas, Baywatch bombs opening at #3 with $23M, and Alien: Covenant drops 70% to #4 with $13.1M. Also Beauty and the Beast passes $500M domestic and Fate of the Furious passes $1B in international sales.",movies,https://www.reddit.com/r/movies/comments/6e1pr2/pirates_of_the_caribbean_5_takes_1_with_a/
John Wick: Chapter 4,2023-03-22,1205lx8,Official Discussion - John Wick: Chapter 4 [SPOILERS],movies,https://www.reddit.com/r/movies/comments/1205lx8/official_discussion_john_wick_chapter_4_spoilers/
John Wick: Chapter 4,2023-03-22,1205taf,Official Discussion Megathread (John Wick: Chapter 4 / A Good Person / Inside / Boston Strangler),movies,https://www.reddit.com/r/movies/comments/1205taf/official_discussion_megathread_john_wick_chapter/
John Wick: Chapter 4,2023-03-22,11qvy7c,John Wick: Chapter 4 - Review Thread,movies,https://www.reddit.com/r/movies/comments/11qvy7c/john_wick_chapter_4_review_thread/
John Wick: Chapter 4,2023-03-22,121zp82,‘John Wick: Chapter 4’: How Keanu Reeves’ Stunt Double Became Hollywood’s Hottest Action Director,movies,https://www.rollingstone.com/tv-movies/tv-movie-features/john-wick-chapter-4-chad-stahelski-keanu-reeves-stuntman-lance-reddick-rina-sawayama-1234702125/
John Wick: Chapter 4,2023-03-22,1205lx8,Official Discussion - John Wick: Chapter 4 [SPOILERS],movies,https://www.reddit.com/r/movies/comments/1205lx8/official_discussion_john_wick_chapter_4_spoilers/
John Wick: Chapter 4,2023-03-22,11qvy7c,John Wick: Chapter 4 - Review Thread,movies,https://www.reddit.com/r/movies/comments/11qvy7c/john_wick_chapter_4_review_thread/
John Wick: Chapter 4,2023-03-22,121zp82,‘John Wick: Chapter 4’: How Keanu Reeves’ Stunt Double Became Hollywood’s Hottest Action Director,movies,https://www.rollingstone.com/tv-movies/tv-movie-features/john-wick-chapter-4-chad-stahelski-keanu-reeves-stuntman-lance-reddick-rina-sawayama-1234702125/
Spectre,2015-10-26,3rq1vq,Official Discussion: Spectre [SPOILERS],movies,https://www.reddit.com/r/movies/comments/3rq1vq/official_discussion_spectre_spoilers/
Spectre,2015-10-26,3qsd4d,Official Discussion: Spectre (UK release) [SPOILERS],movies,https://www.reddit.com/r/movies/comments/3qsd4d/official_discussion_spectre_uk_release_spoilers/
Spectre,2015-10-26,3qcdac,UK Discussion: Spectre [SPOILERS],movies,https://www.reddit.com/r/movies/comments/3qcdac/uk_discussion_spectre_spoilers/
Spectre,2015-10-26,3rtk8e,Reconciling Spectre with previous Craig Bond films (SPOILERS),movies,https://www.reddit.com/r/movies/comments/3rtk8e/reconciling_spectre_with_previous_craig_bond/
Spectre,2015-10-26,3qydkg,Casino Royale. Skyfall. Just a few thoughts in light of the upcoming film Spectre (x/truefilm),movies,https://www.reddit.com/r/movies/comments/3qydkg/casino_royale_skyfall_just_a_few_thoughts_in/
Fast X,2023-05-17,13lhz0c,Official Discussion - Fast X [SPOILERS],movies,https://www.reddit.com/r/movies/comments/13lhz0c/official_discussion_fast_x_spoilers/
Fast X,2023-05-17,13lhzz6,Official Discussion Megathread (Fast X / Master Gardener / The Starling Girl),movies,https://www.reddit.com/r/movies/comments/13lhzz6/official_discussion_megathread_fast_x_master/
Fast X,2023-05-17,13k753h,'Fast X' Review Thread,movies,https://www.reddit.com/r/movies/comments/13k753h/fast_x_review_thread/
Fast X,2023-05-17,13jai48,Fast X Director Initially Worried He Would Kill Franchise,movies,https://moviesdusk.com/fast-x-director-initially-worried-he-would-kill-franchise/
Fast X,2023-05-17,13ng5s5,Where and why did the “Fast and Furious” franchise become what it has become? **NO SPOILERS FOR FAST X**,movies,https://www.reddit.com/r/movies/comments/13ng5s5/where_and_why_did_the_fast_and_furious_franchise/
Fast X,2023-05-17,13tmkoi,Fast X is the Infinity War of the Fast and Furious franchise,movies,https://www.reddit.com/r/movies/comments/13tmkoi/fast_x_is_the_infinity_war_of_the_fast_and/
Fast X,2023-05-17,13m9ujn,What Fast & Furious to watch before Fast X?,movies,https://www.reddit.com/r/movies/comments/13m9ujn/what_fast_furious_to_watch_before_fast_x/
Fast X,2023-05-17,13gecef,Fast x - little toretto just kill people,movies,https://youtu.be/mP5T1lSpuII
Fast X,2023-05-17,13ijh2c,‘Fast X’ Clip — Deckard and Han,movies,https://www.youtube.com/watch?v=OnFcDwkjJ34
Fast X,2023-05-17,13gptb0,FAST X | Official New Trailer - SHS,movies,https://shsbilisim.com/fast-x-official-trailer-2/
Fast X,2023-05-17,13n5haw,"'Fast X' director talks reshooting 'Fast Five' scenes, how they came up with the cliffhanger ending, and one character's surprising return",movies,https://www.insider.com/fast-x-louis-leterrier-interview-2023-5?utm_source=reddit&utm_medium=social&utm_campaign=insider-movies-sub-post
Fast X,2023-05-17,13frf0h,Fast X Premiere In Rome (live),movies,https://www.youtube.com/live/uJuNJ7U8mw8?feature=share
The Revenant,2015-12-25,3zz6c3,Official Discussion: The Revenant [SPOILERS],movies,https://www.reddit.com/r/movies/comments/3zz6c3/official_discussion_the_revenant_spoilers/
The Revenant,2015-12-25,3ynksq,Author of The Revenant source novel banned from talking about film - American ambassador Michael Punke is unable to discuss the much-praised film adaption of his book due to his role with the World Trade Organisation.,movies,http://www.theguardian.com/film/2015/dec/28/author-of-the-revenant--novel-banned-from-talking-about-film
The Revenant,2015-12-25,3xtsff,"Fukunaga, Deakins & Lubezki Discuss Cinematography On 'Beasts of No Nation,' 'Sicario' & 'The Revenant'",movies,http://deadline.com/2015/12/cary-fukunaga-roger-deakins-emmanuel-lubezki-cinematography-oscars-revenant-sicario-beasts-of-no-nation-1201668813/
The Revenant,2015-12-25,3xzd6s,About That Bear: Alejandro G. Iñárritu Discusses Making ‘The Revenant’,movies,http://nyti.ms/1O7LL6l
Glass,2019-01-16,agxbsx,Official Discussion: Glass [SPOILERS],movies,https://www.reddit.com/r/movies/comments/agxbsx/official_discussion_glass_spoilers/
Glass,2019-01-16,agxew2,Weekly Official Discussion Megathread (Glass / Dragon Ball Super: Broly),movies,https://www.reddit.com/r/movies/comments/agxew2/weekly_official_discussion_megathread_glass/
Glass,2019-01-16,acpg2g,M. Night Shyamalan’s 'Glass' to Screen at Alamo Drafthouses 6 Days Before National Release (January 12),movies,https://ew.com/movies/2019/01/04/glass-alamo-drafthouse/
Glass,2019-01-16,ajzsqv,Saw Glass tonight. My thoughts.,movies,https://www.reddit.com/r/movies/comments/ajzsqv/saw_glass_tonight_my_thoughts/
Glass,2019-01-16,aj4n84,Glass (Movie): Things To Know Before Watching (no spoilers!),movies,https://www.reddit.com/r/movies/comments/aj4n84/glass_movie_things_to_know_before_watching_no/
Glass,2019-01-16,ag9xnq,"Saw Glass early, here are my thoughts (spoilers obviously)",movies,https://www.reddit.com/r/movies/comments/ag9xnq/saw_glass_early_here_are_my_thoughts_spoilers/
Smile 2,2024-10-16,1g67i3a,Official Discussion - Smile 2 [SPOILERS],movies,https://www.reddit.com/r/movies/comments/1g67i3a/official_discussion_smile_2_spoilers/
Smile 2,2024-10-16,1g7iauc,Official Discussion Megathread (Smile 2 / We Live in Time / Woman of the Hour / Brothers / The Shadow Strays),movies,https://www.reddit.com/r/movies/comments/1g7iauc/official_discussion_megathread_smile_2_we_live_in/
Smile 2,2024-10-16,1g67is0,Official Discussion Megathrad (Smile 2 / We Live in Time),movies,https://www.reddit.com/r/movies/comments/1g67is0/official_discussion_megathrad_smile_2_we_live_in/
Smile 2,2024-10-16,1g6ng34,Should I watch Smile before watching Smile 2?,movies,https://www.reddit.com/r/movies/comments/1g6ng34/should_i_watch_smile_before_watching_smile_2/
Smile 2,2024-10-16,1ge4135,What was the thing on fire at the beginning of Smile 2?,movies,https://www.reddit.com/r/movies/comments/1ge4135/what_was_the_thing_on_fire_at_the_beginning_of/
Smile 2,2024-10-16,1g5qvlb,Smile 2 Final Trailer ,movies,https://youtu.be/FU_bAopCcSE?si=y2ROoq_rWCVTorq0
Smile 2,2024-10-16,1ful0zh,/r/movies Giveaway - 10 Free Tickets to a Special Pre-Screening of 'Smile 2' on Thursday 10/10 at AMC Century City in LA,movies,https://www.reddit.com/r/movies/comments/1ful0zh/rmovies_giveaway_10_free_tickets_to_a_special/
The Electric State,2025-03-07,1jbkncc,Official Discussion - The Electric State [SPOILERS],movies,https://www.reddit.com/r/movies/comments/1jbkncc/official_discussion_the_electric_state_spoilers/
The Electric State,2025-03-07,1jbko1j,Official Discussion Megathread (Novocaine / Black Bag / Opus / The Day the Earth Blew Up: A Looney Tunes Movie / Queen of the Ring / The Electric State),movies,https://www.reddit.com/r/movies/comments/1jbko1j/official_discussion_megathread_novocaine_black/
Nosferatu,2024-12-25,1hmffh4,Official Discussion - Nosferatu (2024) [SPOILERS],movies,https://www.reddit.com/r/movies/comments/1hmffh4/official_discussion_nosferatu_2024_spoilers/
Nosferatu,2024-12-25,1hmfpsf,Official Discussion Megathread (Nosferatu / a Complete Unknown / Babygirl / The Fire Inside / The Order),movies,https://www.reddit.com/r/movies/comments/1hmfpsf/official_discussion_megathread_nosferatu_a/
Nosferatu,2024-12-25,1hsvqaz,Official Discussion Megathread (Wallace & Gromit: Vengeance Most Fowl / Nightbitch / Nosferatu / a Complete Unknown / Babygirl / The Fire Inside / The Order),movies,https://www.reddit.com/r/movies/comments/1hsvqaz/official_discussion_megathread_wallace_gromit/
Dune: Part Two,2024-02-27,1b3jo9s,Official Discussion - Dune: Part Two [SPOILERS],movies,https://www.reddit.com/r/movies/comments/1b3jo9s/official_discussion_dune_part_two_spoilers/
Dune: Part Two,2024-02-27,1b5rv5r,Official Discussion Megathread (Dune: Part Two / Spaceman / Megamind vs. The Doom Syndicate),movies,https://www.reddit.com/r/movies/comments/1b5rv5r/official_discussion_megathread_dune_part_two/
Dune: Part Two,2024-02-27,1awh3v2,Dune: Part Two - Review Thread,movies,https://www.reddit.com/r/movies/comments/1awh3v2/dune_part_two_review_thread/
Dune: Part Two,2024-02-27,1ayfsij,Dune: Part Two - Soundtrack Suite,movies,https://www.youtube.com/watch?v=2qsOK3I8xK4
Dune: Part Two,2024-02-27,1b3jo9s,Official Discussion - Dune: Part Two [SPOILERS],movies,https://www.reddit.com/r/movies/comments/1b3jo9s/official_discussion_dune_part_two_spoilers/
Dune: Part Two,2024-02-27,1awh3v2,Dune: Part Two - Review Thread,movies,https://www.reddit.com/r/movies/comments/1awh3v2/dune_part_two_review_thread/
Kingsman: The Golden Circle,2017-09-20,71o1s0,Official Discussion: Kingsman: The Golden Circle,movies,https://www.reddit.com/r/movies/comments/71o1s0/official_discussion_kingsman_the_golden_circle/
Kingsman: The Golden Circle,2017-09-20,72d0vf,"Box Office Week: Kingsman: The Golden Circle comes in #1 with a solid $39M while The LEGO Ninjago Movie flops at #3 with $21.5M, $30M less than LEGO Batman's opening. Meanwhile IT has grossed $266.3M domestic, beating The Exorcist ($232.9M) as the highest grossing R-rated horror film ever.",movies,https://www.reddit.com/r/movies/comments/72d0vf/box_office_week_kingsman_the_golden_circle_comes/
Kingsman: The Golden Circle,2017-09-20,70y177,Kingsman: The Golden Circle Review Megathread,movies,https://www.reddit.com/r/movies/comments/70y177/kingsman_the_golden_circle_review_megathread/
Kingsman: The Golden Circle,2017-09-20,73wsxz,"Box Office Week: In a very tight race Kingsman: The Golden Circle holds on to #1 with $16.9M, while American Made comes in at disappointing #3 with $16.7M. Also Flatliners bombs at #5 with $6.7M and IT passes The Exorcist in worldwide gross ($555.5M), making it highest grossing R-rated horror film.",movies,https://www.reddit.com/r/movies/comments/73wsxz/box_office_week_in_a_very_tight_race_kingsman_the/
Kingsman: The Golden Circle,2017-09-20,71s1hb,Kingsman: The Golden Circle reviewed by Mark Kermode,movies,https://www.youtube.com/watch?v=lT5gvtf74DE
Kingsman: The Golden Circle,2017-09-20,7100ow,Saw an advanced screening of Kingsman: The Golden Circle!,movies,https://www.reddit.com/r/movies/comments/7100ow/saw_an_advanced_screening_of_kingsman_the_golden/
Kingsman: The Golden Circle,2017-09-20,709zh9,Exclusive (Ellen): ‘Kingsman: The Golden Circle’ Trailer,movies,https://youtu.be/77Zl9QeTuGE
Kingsman: The Golden Circle,2017-09-20,71ez5t,A little musical detail I noticed in 'Kingsman: The Golden Circle'...,movies,https://www.reddit.com/r/movies/comments/71ez5t/a_little_musical_detail_i_noticed_in_kingsman_the/
Kingsman: The Golden Circle,2017-09-20,727c65,Any chance Kingsman: The Golden Circle soundtrack will be getting a vinyl LP release?,movies,https://www.reddit.com/r/movies/comments/727c65/any_chance_kingsman_the_golden_circle_soundtrack/
Kingsman: The Golden Circle,2017-09-20,72d0vf,"Box Office Week: Kingsman: The Golden Circle comes in #1 with a solid $39M while The LEGO Ninjago Movie flops at #3 with $21.5M, $30M less than LEGO Batman's opening. Meanwhile IT has grossed $266.3M domestic, beating The Exorcist ($232.9M) as the highest grossing R-rated horror film ever.",movies,https://www.reddit.com/r/movies/comments/72d0vf/box_office_week_kingsman_the_golden_circle_comes/
Kingsman: The Golden Circle,2017-09-20,71o1s0,Official Discussion: Kingsman: The Golden Circle,movies,https://www.reddit.com/r/movies/comments/71o1s0/official_discussion_kingsman_the_golden_circle/
Kingsman: The Golden Circle,2017-09-20,70y177,Kingsman: The Golden Circle Review Megathread,movies,https://www.reddit.com/r/movies/comments/70y177/kingsman_the_golden_circle_review_megathread/
Kingsman: The Golden Circle,2017-09-20,73wsxz,"Box Office Week: In a very tight race Kingsman: The Golden Circle holds on to #1 with $16.9M, while American Made comes in at disappointing #3 with $16.7M. Also Flatliners bombs at #5 with $6.7M and IT passes The Exorcist in worldwide gross ($555.5M), making it highest grossing R-rated horror film.",movies,https://www.reddit.com/r/movies/comments/73wsxz/box_office_week_in_a_very_tight_race_kingsman_the/
Kingsman: The Golden Circle,2017-09-20,71s1hb,Kingsman: The Golden Circle reviewed by Mark Kermode,movies,https://www.youtube.com/watch?v=lT5gvtf74DE
Kingsman: The Golden Circle,2017-09-20,7100ow,Saw an advanced screening of Kingsman: The Golden Circle!,movies,https://www.reddit.com/r/movies/comments/7100ow/saw_an_advanced_screening_of_kingsman_the_golden/
Kingsman: The Golden Circle,2017-09-20,709zh9,Exclusive (Ellen): ‘Kingsman: The Golden Circle’ Trailer,movies,https://youtu.be/77Zl9QeTuGE
Captain Marvel,2019-03-06,ay9785,Official Discussion: Captain Marvel [SPOILERS],movies,https://www.reddit.com/r/movies/comments/ay9785/official_discussion_captain_marvel_spoilers/
Captain Marvel,2019-03-06,az8ftw,Weekly Official Discussion (Apollo 11 / Captain Marvel),movies,https://www.reddit.com/r/movies/comments/az8ftw/weekly_official_discussion_apollo_11_captain/
Captain Marvel,2019-03-06,azqtaf,"Box Office Week: Captain Marvel opens at #1 to a massive $153M domestic and $455M worldwide, the 6th largest worldwide opening ever.",movies,https://www.reddit.com/r/movies/comments/azqtaf/box_office_week_captain_marvel_opens_at_1_to_a/
Captain Marvel,2019-03-06,axm2mu,Review Megathread: Captain Marvel,movies,https://www.reddit.com/r/movies/comments/axm2mu/review_megathread_captain_marvel/
Captain Marvel,2019-03-06,b2hnih,"Box Office Week: Captain Marvel is #1 again with $69.3M, passing $250M domestic and $750M worldwide. Meanwhile, Wonder Park opens to a weak #2 with $16M on a $100M budget, Five Feet Apart opens solid at #3 with $13.1M, and Captive State bombs at #7 with $3.1M.",movies,https://www.reddit.com/r/movies/comments/b2hnih/box_office_week_captain_marvel_is_1_again_with/
The Girl on the Train,2016-10-05,56973x,Official Discussion: The Girl on the Train [SPOILERS],movies,https://www.reddit.com/r/movies/comments/56973x/official_discussion_the_girl_on_the_train_spoilers/
Kung Fu Panda 4,2024-03-02,1b9dddv,Official Discussion - Kung Fu Panda 4 [SPOILERS],movies,https://www.reddit.com/r/movies/comments/1b9dddv/official_discussion_kung_fu_panda_4_spoilers/
Kung Fu Panda 4,2024-03-02,1ba24rt,Official Discussion Megathread (Kung Fu Panda 4 / Imaginary / Damsel / Ricky Stanicky),movies,https://www.reddit.com/r/movies/comments/1ba24rt/official_discussion_megathread_kung_fu_panda_4/
Wicked,2024-11-20,1gwxxy1,Official Discussion - Wicked: Part I [SPOILERS],movies,https://www.reddit.com/r/movies/comments/1gwxxy1/official_discussion_wicked_part_i_spoilers/
Wicked,2024-11-20,1gwxy96,Official Discussion Megathread (Gladiator II / Wicked: Part I),movies,https://www.reddit.com/r/movies/comments/1gwxy96/official_discussion_megathread_gladiator_ii/
Wicked,2024-11-20,1h0uf7h,Official Discussion Megathread (Gladiator II / Wicked: Part I / Moana 2),movies,https://www.reddit.com/r/movies/comments/1h0uf7h/official_discussion_megathread_gladiator_ii/
Transformers One,2024-09-11,1fl1beu,Official Discussion - Transformers One [SPOILERS],movies,https://www.reddit.com/r/movies/comments/1fl1beu/official_discussion_transformers_one_spoilers/
Transformers One,2024-09-11,1flss7g,Official Discussion Megathread (Transformers One / The Substance / Never Let Go / His Three Daughters / Omni Loop),movies,https://www.reddit.com/r/movies/comments/1flss7g/official_discussion_megathread_transformers_one/
Transformers One,2024-09-11,1fl1d9c,Official Discussion Megathread (Transformers One / The Substance / Never Let Go),movies,https://www.reddit.com/r/movies/comments/1fl1d9c/official_discussion_megathread_transformers_one/
Transformers One,2024-09-11,1ff3566,'Transformers One' Review Thread,movies,https://www.reddit.com/r/movies/comments/1ff3566/transformers_one_review_thread/
Black Widow,2021-07-07,oglqv8,Official Discussion - Black Widow [SPOILERS],movies,https://www.reddit.com/r/movies/comments/oglqv8/official_discussion_black_widow_spoilers/
Black Widow,2021-07-07,ohaazv,Official Discussion Megathread (Werewolves Within / Black Widow / Fear Street Part 2: 1978),movies,https://www.reddit.com/r/movies/comments/ohaazv/official_discussion_megathread_werewolves_within/
Black Widow,2021-07-07,oglsaf,Official Discussion Megathread (Werewolves Within / Black Widow),movies,https://www.reddit.com/r/movies/comments/oglsaf/official_discussion_megathread_werewolves_within/
Black Widow,2021-07-07,oacfcy,Official poster for Black Widow,movies,https://i.redd.it/udbp7y99k8871.jpg
Black Widow,2021-07-07,oaerkg,Black Widow: Critic Reviews Megathread,movies,https://www.reddit.com/r/movies/comments/oaerkg/black_widow_critic_reviews_megathread/
Black Widow,2021-07-07,obpubb,Cate Shortland Tried to Turn Down the Job of Directing ‘Black Widow.’ So Scarlett Johansson Called Her on Zoom.,movies,https://variety.com/2021/film/news/cate-shortland-black-widow-scarlett-johansson-1235008158/
Black Widow,2021-07-07,onmtp2,Movie theater group criticizes Disney for releasing ‘Black Widow’ in theaters and streaming at same time,movies,https://www.cnbc.com/2021/07/19/movie-theaters-blast-disney-for-releasing-black-widow-in-theaters-and-streaming-.html
Black Widow,2021-07-07,ogpf12,Black Widow - Film Discussion Thread - Premier Access [Spoilers],DisneyPlus,https://www.reddit.com/r/DisneyPlus/comments/ogpf12/black_widow_film_discussion_thread_premier_access/
Black Widow,2021-07-07,okiiyh,Does Black Widow contain spoilers for Disney+ shows?,DisneyPlus,https://www.reddit.com/r/DisneyPlus/comments/okiiyh/does_black_widow_contain_spoilers_for_disney_shows/
Black Widow,2021-07-07,oi6x8l,"Box Office: Black Widow Collects $80 Million in Theaters, $60 Million on Disney Plus",DisneyPlus,https://variety.com/2021/film/box-office/marvel-black-widow-box-office-opening-weekend-1235016977/
Black Widow,2021-07-07,ogvm6m,Black Widow joins the Marvel avatar profile pics on Disney Plus,DisneyPlus,https://i.redd.it/ycuxlg14w6a71.jpg
Black Widow,2021-07-07,om6gvn,Got a refund for Black Widow tho I didn't ask for one. Now what?,DisneyPlus,https://www.reddit.com/r/DisneyPlus/comments/om6gvn/got_a_refund_for_black_widow_tho_i_didnt_ask_for/
Black Widow,2021-07-07,oeu2gm,Black Widow Premier Access,DisneyPlus,https://www.reddit.com/r/DisneyPlus/comments/oeu2gm/black_widow_premier_access/
Black Widow,2021-07-07,og1kj0,only black widow.,DisneyPlus,https://v.redd.it/5zxrhwkhnx971
Black Widow,2021-07-07,og1900,Found something cool last night. I guess this was done to celebrate the premiere of Black Widow,DisneyPlus,https://i.redd.it/6iqbot16jx971.jpg
Black Widow,2021-07-07,omqahn,Black Widow will release early on D+H?,DisneyPlus,https://i.redd.it/9ob1ywd41zb71.jpg
Black Widow,2021-07-07,ofymro,Black widow specific release time - does anyone know the exact time when black widow will be available on Disney ?,DisneyPlus,https://www.reddit.com/r/DisneyPlus/comments/ofymro/black_widow_specific_release_time_does_anyone/
Black Widow,2021-07-07,oiqcp4,Can you watch Black Widow with group watch when only 1 person bought the movie?,DisneyPlus,https://www.reddit.com/r/DisneyPlus/comments/oiqcp4/can_you_watch_black_widow_with_group_watch_when/
Black Widow,2021-07-07,ogi3ip,At what time does Black Widow premiere access become available?,DisneyPlus,https://www.reddit.com/r/DisneyPlus/comments/ogi3ip/at_what_time_does_black_widow_premiere_access/
Black Widow,2021-07-07,okvqex,Black Widow News,DisneyPlus,https://www.reddit.com/r/DisneyPlus/comments/okvqex/black_widow_news/
Black Widow,2021-07-07,ofxz91,Buying black widow,DisneyPlus,https://www.reddit.com/r/DisneyPlus/comments/ofxz91/buying_black_widow/
Black Widow,2021-07-07,ofm8eb,What is the exact time and date that Black Widow will start streaming on D+ with premier access? I am in Canada.,DisneyPlus,https://www.reddit.com/r/DisneyPlus/comments/ofm8eb/what_is_the_exact_time_and_date_that_black_widow/
Black Widow,2021-07-07,ogosij,Can I order Black Widow thru my itunes balance?,DisneyPlus,https://www.reddit.com/r/DisneyPlus/comments/ogosij/can_i_order_black_widow_thru_my_itunes_balance/
Black Widow,2021-07-07,oht30k,if one of my friends owns black widow on disney plus what happens when we try to groupwatch it? do i need to buy it as well,DisneyPlus,https://www.reddit.com/r/DisneyPlus/comments/oht30k/if_one_of_my_friends_owns_black_widow_on_disney/
Black Widow,2021-07-07,ohxq04,Black Widows Language Option,DisneyPlus,https://www.reddit.com/r/DisneyPlus/comments/ohxq04/black_widows_language_option/
Bone Tomahawk,2015-10-23,3qsdqt,Official Discussion: Bone Tomahawk [SPOILERS],movies,https://www.reddit.com/r/movies/comments/3qsdqt/official_discussion_bone_tomahawk_spoilers/
Bone Tomahawk,2015-10-23,3pxdav,"Bone Tomahawk, the other Kurt Russell western came out today...",movies,https://www.reddit.com/r/movies/comments/3pxdav/bone_tomahawk_the_other_kurt_russell_western_came/
Bone Tomahawk,2015-10-23,3q9qe8,Bone Tomahawk,movies,https://www.reddit.com/r/movies/comments/3q9qe8/bone_tomahawk/
Bone Tomahawk,2015-10-23,3pyxbn,Just finished watching Bone Tomahawk... WHAT THE FUCK,movies,https://www.reddit.com/r/movies/comments/3pyxbn/just_finished_watching_bone_tomahawk_what_the_fuck/
Bone Tomahawk,2015-10-23,3r6dp1,Just watched Bone Tomahawk. Need suggestions on how I erase that image from my mind. You know the image...,movies,https://www.reddit.com/r/movies/comments/3r6dp1/just_watched_bone_tomahawk_need_suggestions_on/
Bone Tomahawk,2015-10-23,3qa1vr,Bone Tomahawk: A Gory Good Horror Story,movies,http://birthmoviesdeath.com/2015/10/23/bone-tomahawk-review-a-gory-good-horror-western
Bone Tomahawk,2015-10-23,3qsy7n,Bone Tomahawk was a great and intense movie!,movies,https://www.reddit.com/r/movies/comments/3qsy7n/bone_tomahawk_was_a_great_and_intense_movie/
Bone Tomahawk,2015-10-23,3ow4ru,BONE TOMAHAWK - 5 New Character Posters,movies,http://entertainment-factor.blogspot.com/2015/10/bone-tomahawk-character-posters.html
Bone Tomahawk,2015-10-23,3puamw,"Collider Interview w/Kurt Russell. Bone Tomahawk, Hateful Eight, and more.",movies,http://collider.com/kurt-russell-bone-tomahawk-hateful-8-interview/
Spider-Man: Across the Spider-Verse,2023-05-31,13y03dr,Official Discussion - Spider-Man: Across the Spider-Verse [SPOILERS],movies,https://www.reddit.com/r/movies/comments/13y03dr/official_discussion_spiderman_across_the/
Spider-Man: Across the Spider-Verse,2023-05-31,13y08ix,Official Discussion Megathread (Spider-Man: Across the Spider-Verse / The Boogeyman),movies,https://www.reddit.com/r/movies/comments/13y08ix/official_discussion_megathread_spiderman_across/
Spider-Man: Across the Spider-Verse,2023-05-31,13wlx9x,Spider-Man: Across the Spider-Verse - Review Thread,movies,https://www.reddit.com/r/movies/comments/13wlx9x/spiderman_across_the_spiderverse_review_thread/
Spider-Man: Across the Spider-Verse,2023-05-31,13l4io2,Official Character Posters for 'Spider-Man: Across the Spider-Verse',movies,https://imgur.com/a/QJkNnNb
Spider-Man: Across the Spider-Verse,2023-05-31,13y03dr,Official Discussion - Spider-Man: Across the Spider-Verse [SPOILERS],movies,https://www.reddit.com/r/movies/comments/13y03dr/official_discussion_spiderman_across_the/
Spider-Man: Across the Spider-Verse,2023-05-31,13wlx9x,Spider-Man: Across the Spider-Verse - Review Thread,movies,https://www.reddit.com/r/movies/comments/13wlx9x/spiderman_across_the_spiderverse_review_thread/
Spider-Man: Across the Spider-Verse,2023-05-31,13l4io2,Official Character Posters for 'Spider-Man: Across the Spider-Verse',movies,https://imgur.com/a/QJkNnNb
Underworld: Blood Wars,2016-11-24,5g401t,Underworld: Blood Wars Review - Not nearly as bad as I was expecting it to be,movies,https://tldrmoviereviews.com/2016/12/02/movie-review-underworld-blood-wars/
Underworld: Blood Wars,2016-11-24,5ezg5k,Can 'Underworld: Blood Wars' be watched without having seen the other movies?,movies,https://www.reddit.com/r/movies/comments/5ezg5k/can_underworld_blood_wars_be_watched_without/
Underworld: Blood Wars,2016-11-24,5g401t,Underworld: Blood Wars Review - Not nearly as bad as I was expecting it to be,movies,https://tldrmoviereviews.com/2016/12/02/movie-review-underworld-blood-wars/
Underworld: Blood Wars,2016-11-24,5ezg5k,Can 'Underworld: Blood Wars' be watched without having seen the other movies?,movies,https://www.reddit.com/r/movies/comments/5ezg5k/can_underworld_blood_wars_be_watched_without/
Good Time,2017-08-11,6vvnqi,Official Discussion: Good Time [SPOILERS],movies,https://www.reddit.com/r/movies/comments/6vvnqi/official_discussion_good_time_spoilers/
Angel Has Fallen,2019-08-21,ctqlla,Official Discussion - Angel Has Fallen [SPOILERS],movies,https://www.reddit.com/r/movies/comments/ctqlla/official_discussion_angel_has_fallen_spoilers/
Angel Has Fallen,2019-08-21,ctqebq,"Official Discussion Weekly Megathread (Angel Has Fallen, Ready or Not)",movies,https://www.reddit.com/r/movies/comments/ctqebq/official_discussion_weekly_megathread_angel_has/
Angel Has Fallen,2019-08-21,cti1ul,Angel has Fallen:Discussion thread,movies,https://www.reddit.com/r/movies/comments/cti1ul/angel_has_fallendiscussion_thread/
65,2023-03-02,11ncria,Official Discussion - 65 [SPOILERS],movies,https://www.reddit.com/r/movies/comments/11ncria/official_discussion_65_spoilers/
65,2023-03-02,11nct5u,Official Discussion Megathread (Scream VI / 65 / Champions),movies,https://www.reddit.com/r/movies/comments/11nct5u/official_discussion_megathread_scream_vi_65/
65,2023-03-02,11ncria,Official Discussion - 65 [SPOILERS],movies,https://www.reddit.com/r/movies/comments/11ncria/official_discussion_65_spoilers/
65,2023-03-02,11nct5u,Official Discussion Megathread (Scream VI / 65 / Champions),movies,https://www.reddit.com/r/movies/comments/11nct5u/official_discussion_megathread_scream_vi_65/
Colossal,2017-04-06,65fdzw,"Discussion of Colossal, starring Anne Hathaway",movies,https://www.reddit.com/r/movies/comments/65fdzw/discussion_of_colossal_starring_anne_hathaway/
Colossal,2017-04-06,65u4ew,[Spoilers] Let's talk about Oscar from Colossal and other characters that make you uncomfortable by being dark reflections of yourself,movies,https://www.reddit.com/r/movies/comments/65u4ew/spoilers_lets_talk_about_oscar_from_colossal_and/
